timestamp,temperature,humidity,pressure,uv_index,co2,formaldehyde,tvoc,pm2_5,pm10,aqi_temperature,aqi_humidity,wind_speed,wind_dir_degrees,wind_dir_cardinal,rainfall
2025-05-27T00:00:24.579813,30.2,54.0,1007.1,0.0,1203,16,116,38,47,30.3,60.9,0.2,184,S,0.0
2025-05-27T00:00:56.562498,30.2,54.0,1007.1,0.0,1203,17,127,39,48,30.2,60.6,0.2,243,WSW,0.0
2025-05-27T00:01:28.543909,30.1,53.8,1007.1,0.05,1200,16,125,39,48,30.1,60.8,0.2,250,WSW,0.0
2025-05-27T00:02:00.520413,30.1,53.6,1007.1,0.0,1200,16,126,37,46,30.3,59.9,0.2,67,ENE,0.0
2025-05-27T00:02:32.485838,30.1,53.3,1007.0,0.0,1200,16,104,39,48,30.3,60.0,0.3,220,SW,0.0
2025-05-27T00:03:04.461329,30.1,53.6,1007.1,0.0,1200,16,120,36,44,30.4,59.7,0.3,146,SE,0.0
2025-05-27T00:03:36.416015,30.1,53.3,1007.0,0.0,1195,16,124,38,47,30.4,59.4,0.3,257,WSW,0.0
2025-05-27T00:04:08.388246,30.1,53.1,1007.0,0.0,1192,16,123,38,47,30.1,60.0,0.2,229,SW,0.0
2025-05-27T00:04:40.376082,30.1,52.9,1007.0,0.02,1192,16,123,36,44,30.2,59.8,0.2,233,SW,0.0
2025-05-27T00:05:12.360762,30.0,53.2,1007.0,0.02,1189,16,105,36,44,30.3,59.5,0.3,236,SW,0.0
2025-05-27T00:05:44.345047,30.0,53.1,1007.0,0.0,1186,16,122,36,44,30.2,59.4,0.3,209,SSW,0.0
2025-05-27T00:06:16.315873,30.0,52.3,1007.0,0.0,1179,13,119,34,42,30.2,59.1,0.2,277,W,0.0
2025-05-27T00:06:48.301300,30.0,52.7,1007.0,0.05,1185,16,123,33,41,30.2,59.2,0.2,233,SW,0.0
2025-05-27T00:07:20.285835,30.0,52.7,1007.0,0.0,1190,16,136,34,42,30.3,59.0,0.2,255,WSW,0.0
2025-05-27T00:07:52.270033,30.0,52.3,1007.1,0.0,1197,14,125,33,41,30.2,58.7,0.2,228,SW,0.0
2025-05-27T00:08:24.256932,30.0,52.1,1007.0,0.0,1195,13,139,33,41,30.3,58.1,0.1,203,SSW,0.0
2025-05-27T00:08:56.230796,30.0,52.1,1007.0,0.0,1190,16,137,33,41,30.3,58.5,0.1,193,SSW,0.0
2025-05-27T00:09:28.217832,30.0,51.8,1007.0,0.08,1185,14,125,33,41,30.3,58.1,0.1,240,WSW,0.0
2025-05-27T00:10:00.205157,30.0,52.5,1007.0,0.05,1180,16,133,31,38,30.3,58.6,0.1,249,WSW,0.0
2025-05-27T00:10:32.187706,30.0,52.3,1007.0,0.0,1184,16,123,33,41,30.4,58.5,0.1,214,SW,0.0
2025-05-27T00:11:04.173602,30.1,52.8,1007.1,0.0,1185,16,122,35,43,30.4,58.7,0.1,64,ENE,0.0
2025-05-27T00:11:36.158531,30.1,52.9,1007.1,0.08,1176,16,121,31,38,30.4,58.9,0.1,311,NW,0.0
2025-05-27T00:12:08.134106,30.0,52.7,1007.1,0.02,1165,13,106,31,38,30.4,58.5,0.1,252,WSW,0.0
2025-05-27T00:12:40.097221,30.1,52.1,1007.1,0.0,1159,13,117,28,34,30.5,58.3,0.1,246,WSW,0.0
2025-05-27T00:13:12.069164,30.1,52.1,1007.1,0.08,1155,13,116,32,39,30.5,58.1,0.1,267,W,0.0
2025-05-27T00:13:44.038443,30.1,52.1,1007.1,0.02,1154,14,116,30,37,30.5,58.0,0.0,19,NNE,0.0
2025-05-27T00:14:16.022131,30.1,52.0,1007.1,0.0,1148,14,98,31,38,30.4,58.2,0.1,155,SSE,0.0
2025-05-27T00:14:47.990301,30.1,51.7,1007.1,0.0,1144,13,115,28,34,30.4,57.9,0.1,219,SW,0.0
2025-05-27T00:15:19.964043,30.1,51.4,1007.1,0.0,1143,13,115,29,36,30.3,57.9,0.1,258,WSW,0.0
2025-05-27T00:15:51.934661,30.1,51.1,1007.1,0.0,1150,13,116,28,34,30.4,57.3,0.1,226,SW,0.0
2025-05-27T00:16:23.908740,30.1,51.1,1007.1,0.0,1150,13,116,28,34,30.2,57.7,0.1,313,NW,0.0
2025-05-27T00:16:55.895785,30.1,51.4,1007.1,0.05,1155,13,104,28,34,30.3,57.9,0.2,246,WSW,0.0
2025-05-27T00:17:27.875515,30.0,51.6,1007.1,0.0,1155,13,133,30,37,30.5,57.7,0.1,185,S,0.0
2025-05-27T00:17:59.856952,30.0,52.0,1007.1,0.0,1154,16,134,29,36,30.5,58.0,0.1,164,SSE,0.0
2025-05-27T00:18:31.810417,30.1,52.3,1007.1,0.0,1160,16,123,29,36,30.3,58.7,0.1,199,SSW,0.0
2025-05-27T00:19:03.787542,30.1,52.5,1007.1,0.0,1160,18,139,28,34,30.4,58.8,0.2,218,SW,0.0
2025-05-27T00:19:35.751403,30.1,52.8,1007.1,0.0,1170,16,137,29,36,30.5,59.1,0.1,220,SW,0.0
2025-05-27T00:20:07.726190,30.2,53.1,1007.2,0.0,1175,17,142,27,33,30.6,59.0,0.0,250,WSW,0.0
2025-05-27T00:20:39.706637,30.2,53.3,1007.1,0.02,1175,17,130,28,34,30.6,59.2,0.0,207,SSW,0.0
2025-05-27T00:21:11.674150,30.2,53.7,1007.1,0.0,1165,18,122,27,33,30.6,59.7,0.0,250,WSW,0.0
2025-05-27T00:21:43.659882,30.2,53.9,1007.2,0.0,1170,18,135,29,36,30.5,60.1,0.1,240,WSW,0.0
2025-05-27T00:22:15.649113,30.3,54.2,1007.1,0.0,1170,17,135,28,34,30.6,60.1,0.1,234,SW,0.0
2025-05-27T00:22:47.632641,30.3,54.3,1007.1,0.0,1170,18,136,26,32,30.6,60.5,0.1,196,SSW,0.0
2025-05-27T00:23:19.606216,30.3,54.4,1007.1,0.08,1169,18,118,25,31,30.5,60.6,0.1,91,E,0.0
2025-05-27T00:23:51.571351,30.3,54.3,1007.1,0.0,1166,17,127,27,33,30.6,60.2,0.1,192,SSW,0.0
2025-05-27T00:24:23.539567,30.3,54.3,1007.1,0.0,1170,17,138,28,34,30.6,60.5,0.1,173,S,0.0
2025-05-27T00:24:55.518787,30.4,54.4,1007.1,0.05,1170,16,137,25,31,30.5,60.7,0.1,231,SW,0.0
2025-05-27T00:25:27.493117,30.4,54.2,1007.1,0.0,1175,16,136,27,33,30.6,60.4,0.1,210,SSW,0.0
2025-05-27T00:25:59.479317,30.4,54.0,1007.1,0.1,1180,14,120,25,31,30.7,60.0,0.1,255,WSW,0.0
2025-05-27T00:26:31.447895,30.3,53.7,1007.1,0.08,1190,16,138,26,32,30.6,59.9,0.1,261,W,0.0
2025-05-27T00:27:03.430635,30.4,53.6,1007.1,0.02,1200,14,138,26,32,30.7,59.6,0.1,286,WNW,0.0
2025-05-27T00:27:35.403020,30.3,53.3,1007.1,0.0,1199,16,153,25,31,30.7,59.4,0.1,225,SW,0.0
2025-05-27T00:28:07.387909,30.3,53.1,1007.0,0.0,1194,14,151,24,29,30.5,59.4,0.1,190,S,0.0
2025-05-27T00:28:39.379234,30.3,52.9,1007.0,0.0,1190,14,138,28,34,30.6,59.1,0.0,259,W,0.0
2025-05-27T00:29:11.356663,30.3,52.6,1007.1,0.0,1190,14,151,23,28,30.7,58.7,0.0,102,ESE,0.0
2025-05-27T00:29:43.332254,30.3,52.5,1007.0,0.0,1205,13,149,26,32,30.6,58.7,0.0,322,NW,0.0
2025-05-27T00:30:15.300367,30.3,52.5,1007.1,0.0,1210,13,136,24,29,30.6,58.5,0.0,200,SSW,0.0
2025-05-27T00:30:47.289237,30.2,52.3,1007.1,0.02,1210,13,136,25,31,30.5,58.8,0.0,122,ESE,0.0
2025-05-27T00:31:19.267230,30.2,52.2,1007.1,0.0,1215,16,139,22,27,30.6,58.4,0.1,208,SSW,0.0
2025-05-27T00:31:51.234307,30.2,52.2,1007.1,0.0,1208,14,135,23,28,30.7,58.2,0.1,217,SW,0.0
2025-05-27T00:32:23.201362,30.2,51.8,1007.1,0.0,1210,13,136,23,28,30.4,58.2,0.1,148,SSE,0.0
2025-05-27T00:32:55.180591,30.2,52.1,1007.0,0.0,1209,14,125,24,29,30.5,58.2,0.1,254,WSW,0.0
2025-05-27T00:33:27.167310,30.2,51.7,1007.0,0.0,1214,13,136,24,29,30.5,58.1,0.1,239,WSW,0.0
2025-05-27T00:33:59.147172,30.2,51.7,1007.1,0.02,1219,14,137,22,27,30.5,58.1,0.1,243,WSW,0.0
2025-05-27T00:34:31.134222,30.2,51.7,1007.0,0.08,1225,14,135,22,27,30.6,57.8,0.2,200,SSW,0.0
2025-05-27T00:35:03.121607,30.2,51.6,1007.0,0.0,1220,16,120,24,29,30.5,58.0,0.1,16,NNE,0.0
2025-05-27T00:35:35.097154,30.2,51.6,1007.0,0.0,1211,13,125,22,27,30.6,57.8,0.1,269,W,0.0
2025-05-27T00:36:07.075491,30.2,51.5,1007.0,0.08,1210,14,135,22,27,30.5,58.0,0.1,163,SSE,0.0
2025-05-27T00:36:39.052763,30.2,52.5,1007.0,0.05,1215,16,135,21,26,30.5,58.9,0.1,314,NW,0.0
2025-05-27T00:37:11.051924,30.2,52.8,1007.0,0.05,1214,16,131,23,28,30.5,59.0,0.1,304,NW,0.0
2025-05-27T00:37:43.038631,30.2,52.6,1007.0,0.0,1200,13,121,22,27,30.6,58.5,0.0,191,S,0.0
2025-05-27T00:38:15.021229,30.2,52.2,1007.0,0.0,1184,13,140,22,27,30.6,58.1,0.0,271,W,0.0
2025-05-27T00:38:46.996433,30.2,51.7,1007.0,0.02,1174,13,140,21,26,30.5,57.9,0.1,47,NE,0.0
2025-05-27T00:39:18.971849,30.2,52.0,1006.9,0.0,1165,16,128,20,24,30.5,58.1,0.1,278,W,0.0
2025-05-27T00:39:50.945844,30.2,52.0,1006.9,0.1,1168,13,139,20,24,30.5,58.0,0.1,232,SW,0.0
2025-05-27T00:40:22.920099,30.2,51.8,1006.8,0.0,1175,18,144,21,26,30.5,58.0,0.1,235,SW,0.0
2025-05-27T00:40:54.902884,30.2,52.0,1006.9,0.0,1190,25,146,22,27,30.5,58.0,0.1,200,SSW,0.0
2025-05-27T00:41:26.877143,30.1,51.7,1006.8,0.0,1190,38,155,21,26,30.6,57.7,0.1,125,SE,0.0
2025-05-27T00:41:58.851599,30.1,51.7,1006.8,0.0,1197,53,163,20,24,30.6,57.7,0.0,325,NW,0.0
2025-05-27T00:42:30.848060,30.1,52.0,1006.8,0.02,1195,65,187,20,24,30.6,57.7,0.0,285,WNW,0.0
2025-05-27T00:43:02.834069,30.1,52.1,1006.8,0.0,1205,75,198,21,26,30.5,58.2,0.0,178,S,0.0
2025-05-27T00:43:34.820021,30.1,52.0,1006.7,0.0,1200,85,208,19,23,30.5,57.9,0.0,178,S,0.0
2025-05-27T00:44:06.783976,30.1,51.8,1006.7,0.05,1205,97,206,21,26,30.6,57.9,0.0,261,W,0.0
2025-05-27T00:44:38.756581,30.1,52.1,1006.8,0.0,1199,108,226,19,23,30.6,57.9,0.1,231,SW,0.0
2025-05-27T00:45:10.742845,30.1,52.1,1006.7,0.0,1199,123,251,19,23,30.5,58.3,0.2,210,SSW,0.0
2025-05-27T00:45:42.711100,30.1,52.5,1006.7,0.02,1184,129,260,19,23,30.6,58.2,0.1,214,SW,0.0
2025-05-27T00:46:14.677854,30.2,52.7,1006.7,0.0,1189,135,268,20,24,30.5,58.7,0.2,201,SSW,0.0
2025-05-27T00:46:46.666187,30.1,52.9,1006.7,0.0,1184,143,262,17,21,30.6,58.9,0.1,230,SW,0.0
2025-05-27T00:47:18.643116,30.2,53.2,1006.8,0.02,1192,147,281,18,22,30.6,59.2,0.1,314,NW,0.0
2025-05-27T00:47:50.629393,30.2,53.8,1006.7,0.0,1195,147,294,19,23,30.5,59.9,0.0,224,SW,0.0
2025-05-27T00:48:22.614057,30.2,54.0,1006.7,0.0,1195,151,286,20,24,30.7,59.9,0.1,281,W,0.0
2025-05-27T00:48:54.585798,30.3,54.3,1006.8,0.0,1184,154,302,19,23,30.6,60.1,0.0,118,ESE,0.0
2025-05-27T00:49:26.571672,30.3,54.5,1006.7,0.0,1180,156,304,20,24,30.6,60.5,0.1,150,SSE,0.0
2025-05-27T00:49:58.548131,30.3,54.3,1006.7,0.02,1175,155,305,20,24,30.6,60.4,0.1,260,W,0.0
2025-05-27T00:50:30.533803,30.3,54.5,1006.8,0.0,1183,155,306,18,22,30.6,60.5,0.1,247,WSW,0.0
2025-05-27T00:51:02.517270,30.3,54.3,1006.8,0.1,1190,152,279,18,22,30.6,60.5,0.1,161,SSE,0.0
2025-05-27T00:51:34.495058,30.3,54.3,1006.7,0.0,1200,151,289,20,24,30.6,60.3,0.1,216,SW,0.0
2025-05-27T00:52:06.469325,30.3,54.0,1006.7,0.0,1195,150,284,18,22,30.7,60.0,0.0,269,W,0.0
2025-05-27T00:52:38.455277,30.3,53.8,1006.8,0.0,1194,147,284,18,22,30.6,59.9,0.0,177,S,0.0
2025-05-27T00:53:10.443691,30.3,53.7,1006.7,0.0,1189,147,269,20,24,30.6,59.8,0.0,211,SSW,0.0
2025-05-27T00:53:42.396633,30.3,53.6,1006.8,0.0,1185,144,269,17,21,30.7,59.4,0.1,218,SW,0.0
2025-05-27T00:54:14.375535,30.3,53.1,1006.8,0.05,1174,140,274,17,21,30.7,59.3,0.2,354,N,0.0
2025-05-27T00:54:46.362478,30.3,53.3,1006.7,0.08,1174,139,269,17,21,30.6,59.4,0.1,157,SSE,0.0
2025-05-27T00:55:18.325373,30.3,53.1,1006.7,0.0,1161,134,263,17,21,30.7,59.2,0.1,251,WSW,0.0
2025-05-27T00:55:50.312188,30.3,52.8,1006.7,0.0,1155,131,241,18,22,30.7,58.7,0.0,38,NE,0.0
2025-05-27T00:56:22.289235,30.2,52.2,1006.7,0.0,1147,129,255,17,21,30.5,58.7,0.1,331,NNW,0.0
2025-05-27T00:56:54.266695,30.2,52.6,1006.6,0.0,1150,129,255,18,22,30.6,58.5,0.1,181,S,0.0
2025-05-27T00:57:26.239738,30.1,52.5,1006.5,0.0,1150,132,257,18,22,30.5,58.6,0.1,273,W,0.0
2025-05-27T00:57:58.221850,30.2,52.7,1006.6,0.0,1150,131,269,18,22,30.5,58.5,0.0,230,SW,0.0
2025-05-27T00:58:30.205910,30.1,51.7,1006.5,0.02,1145,129,251,16,19,30.4,58.2,0.1,89,E,0.0
2025-05-27T00:59:02.176758,30.1,52.1,1006.5,0.05,1140,127,261,19,23,30.4,58.2,0.1,301,WNW,0.0
2025-05-27T00:59:34.153534,30.1,52.1,1006.5,0.0,1140,124,256,16,19,30.5,57.9,0.1,315,NW,0.0
2025-05-27T01:00:06.125119,30.0,52.0,1006.4,0.0,1145,120,240,17,21,30.4,58.2,0.1,138,SE,0.0
2025-05-27T01:00:38.093553,30.1,52.1,1006.4,0.0,1147,116,239,18,22,30.5,58.1,0.1,214,SW,0.0
2025-05-27T01:01:10.062887,30.0,51.8,1006.4,0.02,1145,113,231,17,21,30.4,57.8,0.1,228,SW,0.0
2025-05-27T01:01:42.024399,30.0,51.6,1006.4,0.08,1140,109,225,16,19,30.4,57.6,0.1,243,WSW,0.0
2025-05-27T01:02:13.982888,30.0,51.7,1006.4,0.0,1134,107,223,16,19,30.4,57.9,0.1,15,NNE,0.0
2025-05-27T01:02:45.977155,30.0,51.6,1006.4,0.0,1137,103,209,16,19,30.5,57.3,0.2,154,SSE,0.0
2025-05-27T01:03:17.955565,30.0,51.6,1006.4,0.0,1140,101,216,17,21,30.4,57.8,0.1,86,E,0.0
2025-05-27T01:03:49.936261,30.0,51.4,1006.4,0.0,1140,97,209,16,19,30.3,57.8,0.1,203,SSW,0.0
2025-05-27T01:04:21.918678,30.0,51.2,1006.4,0.05,1140,95,205,16,19,30.4,57.3,0.1,248,WSW,0.0
2025-05-27T01:04:53.905335,30.0,51.0,1006.4,0.02,1140,92,187,15,18,30.5,57.0,0.2,168,SSE,0.0
2025-05-27T01:05:25.897786,30.0,51.1,1006.4,0.02,1140,91,202,14,17,30.4,57.2,0.1,232,SW,0.0
2025-05-27T01:05:57.885799,30.0,51.0,1006.4,0.08,1140,88,196,16,19,30.3,57.3,0.1,140,SE,0.0
2025-05-27T01:06:29.866543,30.0,51.0,1006.5,0.0,1135,85,191,15,18,30.5,57.0,0.1,211,SSW,0.0
2025-05-27T01:07:01.848983,30.0,50.9,1006.4,0.1,1129,83,189,16,19,30.4,56.9,0.1,246,WSW,0.0
2025-05-27T01:07:33.821541,30.0,50.9,1006.4,0.0,1114,81,187,15,18,30.4,56.9,0.0,232,SW,0.0
2025-05-27T01:08:05.765295,30.0,51.1,1006.4,0.0,1115,81,200,14,17,30.5,57.1,0.0,244,WSW,0.0
2025-05-27T01:08:37.753895,30.0,51.5,1006.3,0.0,1115,81,201,15,18,30.6,57.2,0.0,228,SW,0.0
2025-05-27T01:09:09.735830,30.0,51.8,1006.4,0.02,1114,81,189,14,17,30.5,57.8,0.1,196,SSW,0.0
2025-05-27T01:09:41.691882,30.0,52.2,1006.4,0.0,1115,81,178,17,21,30.5,58.0,0.1,232,SW,0.0
2025-05-27T01:10:13.684751,30.0,52.5,1006.4,0.0,1115,81,188,14,17,30.5,58.4,0.1,202,SSW,0.0
2025-05-27T01:10:45.665407,30.1,52.7,1006.4,0.0,1110,81,189,15,18,30.6,58.6,0.2,284,WNW,0.0
2025-05-27T01:11:17.647524,30.1,52.9,1006.4,0.0,1114,79,171,17,21,30.6,58.8,0.2,321,NW,0.0
2025-05-27T01:11:49.624774,30.2,53.3,1006.5,0.0,1120,80,189,15,18,30.6,59.1,0.1,185,S,0.0
2025-05-27T01:12:21.615336,30.2,53.6,1006.5,0.0,1125,79,190,14,17,30.6,59.3,0.1,219,SW,0.0
2025-05-27T01:12:53.586299,30.2,53.8,1006.5,0.0,1128,79,189,15,18,30.3,60.3,0.0,202,SSW,0.0
2025-05-27T01:13:25.559518,30.2,54.4,1006.5,0.0,1130,76,186,15,18,30.5,60.4,0.1,235,SW,0.0
2025-05-27T01:13:57.547698,30.2,54.4,1006.6,0.0,1120,72,170,16,19,30.6,60.2,0.1,216,SW,0.0
2025-05-27T01:14:29.539257,30.2,54.4,1006.5,0.0,1115,68,175,14,17,30.6,60.7,0.1,202,SSW,0.0
2025-05-27T01:15:01.527192,30.2,54.9,1006.5,0.0,1100,64,169,16,19,30.7,60.5,0.1,243,WSW,0.0
2025-05-27T01:15:33.517188,30.2,54.5,1006.6,0.0,1090,62,165,15,18,30.7,60.4,0.1,292,WNW,0.0
2025-05-27T01:16:05.494184,30.2,54.3,1006.5,0.0,1085,60,172,16,19,30.5,60.3,0.1,160,SSE,0.0
2025-05-27T01:16:37.480241,30.2,53.9,1006.5,0.0,1080,57,160,14,17,30.5,59.9,0.1,214,SW,0.0
2025-05-27T01:17:09.469804,30.2,53.6,1006.6,0.0,1073,56,169,14,17,30.5,59.8,0.1,300,WNW,0.0
2025-05-27T01:17:41.449809,30.1,53.6,1006.5,0.0,1064,56,167,13,16,30.5,59.4,0.1,285,WNW,0.0
2025-05-27T01:18:13.425887,30.2,53.3,1006.6,0.0,1050,56,167,15,18,30.6,59.2,0.2,165,SSE,0.0
2025-05-27T01:18:45.416079,30.2,53.2,1006.6,0.0,1055,54,142,14,17,30.5,58.7,0.1,312,NW,0.0
2025-05-27T01:19:17.403424,30.1,52.9,1006.5,0.0,1060,53,150,14,17,30.4,59.1,0.1,68,ENE,0.0
2025-05-27T01:19:49.386831,30.1,52.7,1006.6,0.0,1065,54,148,14,17,30.4,59.0,0.1,222,SW,0.0
2025-05-27T01:20:21.361692,30.1,52.2,1006.6,0.02,1064,52,133,13,16,30.2,58.7,0.2,207,SSW,0.0
2025-05-27T01:20:53.347505,30.1,52.5,1006.7,0.0,1060,53,143,14,17,30.3,58.7,0.1,324,NW,0.0
2025-05-27T01:21:25.321088,30.1,52.1,1006.6,0.05,1064,53,145,14,17,30.3,58.2,0.0,14,NNE,0.0
2025-05-27T01:21:57.289547,30.0,52.2,1006.7,0.0,1066,53,143,13,16,30.4,58.3,0.0,228,SW,0.0
2025-05-27T01:22:29.276296,30.0,52.0,1006.7,0.0,1057,52,143,14,17,30.5,57.8,0.0,314,NW,0.0
2025-05-27T01:23:01.246012,30.1,51.5,1006.7,0.0,1051,50,132,14,17,30.5,57.2,0.1,270,W,0.0
2025-05-27T01:23:33.220416,30.0,51.4,1006.7,0.02,1042,52,142,12,14,30.4,57.2,0.1,308,NW,0.0
2025-05-27T01:24:05.170152,30.0,51.1,1006.7,0.0,1040,50,139,15,18,30.4,57.3,0.1,156,SSE,0.0
2025-05-27T01:24:37.130539,30.0,51.0,1006.7,0.0,1045,50,138,13,16,30.4,57.3,0.1,335,NNW,0.0
2025-05-27T01:25:09.114735,30.0,50.9,1006.7,0.05,1045,49,127,13,16,30.5,56.9,0.1,269,W,0.0
2025-05-27T01:25:41.092762,30.0,50.6,1006.7,0.0,1045,48,149,14,17,30.5,56.6,0.2,169,S,0.0
2025-05-27T01:26:13.077300,30.0,50.3,1006.7,0.0,1036,50,147,14,17,30.5,56.5,0.1,225,SW,0.0
2025-05-27T01:26:45.066058,30.0,49.8,1006.7,0.0,1036,50,149,13,16,30.4,56.3,0.1,233,SW,0.0
2025-05-27T01:27:17.045745,29.9,50.1,1006.7,0.0,1030,49,145,15,18,30.4,56.2,0.1,245,WSW,0.0
2025-05-27T01:27:49.032704,29.9,50.1,1006.7,0.0,1035,50,129,12,14,30.3,56.5,0.2,4,N,0.0
2025-05-27T01:28:21.001735,29.9,50.3,1006.7,0.0,1035,50,145,13,16,30.4,56.4,0.1,206,SSW,0.0
2025-05-27T01:28:52.974136,29.9,50.5,1006.6,0.0,1035,53,138,13,16,30.4,56.5,0.0,206,SSW,0.0
2025-05-27T01:29:24.954957,29.9,50.6,1006.6,0.0,1035,53,124,13,16,30.6,56.3,0.0,216,SW,0.0
2025-05-27T01:29:56.922776,30.0,51.0,1006.6,0.0,1030,53,138,13,16,30.7,56.2,0.0,216,SW,0.0
2025-05-27T01:30:28.898291,30.0,51.0,1006.6,0.0,1030,53,144,12,14,30.9,56.0,0.0,216,SW,0.0
2025-05-27T01:31:00.877906,30.1,51.1,1006.6,0.0,1030,53,148,12,14,30.9,56.1,0.0,216,SW,0.0
2025-05-27T01:31:32.859218,30.1,51.2,1006.6,0.0,1026,53,150,13,16,31.0,56.2,0.0,216,SW,0.0
2025-05-27T01:32:04.824862,30.1,51.2,1006.6,0.05,1023,56,143,12,14,31.0,56.3,0.0,216,SW,0.0
2025-05-27T01:32:36.803957,30.2,51.5,1006.7,0.0,1021,57,155,12,14,31.1,56.4,0.0,216,SW,0.0
2025-05-27T01:33:08.775157,30.2,51.6,1006.7,0.05,1025,57,157,10,12,31.1,56.5,0.0,216,SW,0.0
2025-05-27T01:33:40.729906,30.3,51.4,1006.7,0.0,1020,57,159,11,13,31.2,56.5,0.0,216,SW,0.0
2025-05-27T01:34:12.709713,30.3,51.2,1006.7,0.0,1016,57,145,12,14,31.2,56.4,0.0,216,SW,0.0
2025-05-27T01:34:44.669235,30.4,51.5,1006.7,0.0,1015,57,152,12,14,31.2,56.2,0.0,216,SW,0.0
2025-05-27T01:35:16.644754,30.4,52.2,1006.7,0.0,1010,58,171,13,16,31.3,56.4,0.0,216,SW,0.0
2025-05-27T01:35:48.615503,30.5,51.1,1006.8,0.1,1010,57,175,13,16,31.3,56.5,0.0,216,SW,0.0
2025-05-27T01:36:20.607127,30.5,50.5,1006.8,0.0,1000,56,178,11,13,31.3,55.7,0.0,216,SW,0.0
2025-05-27T01:36:52.584812,30.5,50.1,1006.8,0.0,1003,57,162,12,14,31.4,55.8,0.0,216,SW,0.0
2025-05-27T01:37:24.563670,30.6,49.4,1006.8,0.0,998,56,180,12,14,31.4,55.7,0.0,216,SW,0.0
2025-05-27T01:37:56.546306,30.6,49.1,1006.8,0.0,1000,54,178,11,13,31.4,55.2,0.0,216,SW,0.0
2025-05-27T01:38:28.518578,30.6,49.3,1006.9,0.0,985,54,168,12,14,31.5,54.6,0.0,216,SW,0.0
2025-05-27T01:39:00.489040,30.6,50.9,1006.8,0.0,985,56,169,11,13,31.5,55.6,0.0,216,SW,0.0
2025-05-27T01:39:32.467549,30.6,49.0,1006.8,0.0,980,53,168,12,14,31.5,55.0,0.0,216,SW,0.0
2025-05-27T01:40:04.444662,30.7,52.1,1006.8,0.0,976,56,170,11,13,31.5,55.3,0.0,216,SW,0.0
2025-05-27T01:40:36.413573,30.7,51.4,1006.8,0.0,961,50,161,12,14,31.5,55.7,0.0,216,SW,0.0
2025-05-27T01:43:22.621829,28.7,61.0,1005.9,0.13,513,24,39,4,4,27.9,68.4,0.0,224,SW,0.0
2025-05-27T01:43:54.602086,28.9,61.0,1005.9,0.0,448,22,38,9,11,28.0,68.1,1.8,214,SW,0.0
2025-05-27T01:44:26.581080,29.0,60.9,1006.0,0.0,421,21,38,9,11,28.2,67.8,0.8,215,SW,0.0
2025-05-27T01:44:58.580164,29.1,60.6,1006.0,0.0,412,20,38,10,12,28.4,67.9,0.4,215,SW,0.0
2025-05-27T01:45:30.571489,29.2,60.5,1006.1,0.0,423,21,33,12,14,28.5,67.7,0.3,215,SW,0.0
2025-05-27T01:46:02.537255,29.3,61.5,1006.2,0.0,418,20,33,10,12,28.8,67.3,0.2,215,SW,0.0
2025-05-27T01:46:34.507834,29.4,62.6,1006.2,0.0,426,20,33,11,13,28.9,67.0,0.1,215,SW,0.0
2025-05-27T01:47:06.497833,29.5,62.2,1006.2,0.08,434,20,31,11,13,29.0,66.9,0.0,215,SW,0.0
2025-05-27T01:47:38.474380,29.5,62.2,1006.2,0.0,413,18,35,12,14,29.2,66.4,0.0,215,SW,0.0
2025-05-27T01:48:10.466616,29.6,62.1,1006.3,0.13,424,18,33,11,13,29.4,66.0,0.0,215,SW,0.0
2025-05-27T01:48:42.421126,29.7,61.5,1006.3,0.0,423,18,34,12,14,29.5,65.7,0.0,215,SW,0.0
2025-05-27T01:49:14.396027,29.7,61.5,1006.4,0.08,423,18,35,12,14,29.6,65.5,0.0,215,SW,0.0
2025-05-27T01:49:46.388312,29.8,61.3,1006.4,0.0,419,18,29,13,16,29.7,65.4,0.0,215,SW,0.0
2025-05-27T01:50:18.372552,29.8,61.1,1006.5,0.0,417,17,29,13,16,29.8,64.4,0.0,215,SW,0.0
2025-05-27T01:50:50.351974,29.9,60.9,1006.4,0.0,422,17,30,12,14,29.9,64.4,0.0,215,SW,0.0
2025-05-27T01:51:22.331389,29.9,61.0,1006.5,0.0,421,17,31,11,13,30.0,64.1,0.0,215,SW,0.0
2025-05-27T01:51:54.318525,30.0,60.8,1006.5,0.13,422,18,33,12,14,30.1,63.9,0.0,215,SW,0.0
2025-05-27T01:52:26.304097,30.1,60.4,1006.5,0.08,444,18,49,13,16,30.2,63.8,0.0,215,SW,0.0
2025-05-27T01:52:58.272331,30.1,60.5,1006.5,0.08,412,18,42,13,16,30.3,64.3,0.0,215,SW,0.0
2025-05-27T01:53:30.252534,30.1,60.3,1006.5,0.08,414,18,35,11,13,30.3,63.6,0.0,215,SW,0.0
2025-05-27T01:54:02.233341,30.1,59.7,1006.5,0.0,424,18,29,11,13,30.4,62.8,0.0,215,SW,0.0
2025-05-27T01:54:34.219606,30.2,59.4,1006.6,0.0,417,18,30,11,13,30.5,62.4,0.0,215,SW,0.0
2025-05-27T01:55:06.199427,30.2,58.6,1006.6,0.0,418,18,31,11,13,30.6,62.1,0.0,215,SW,0.0
2025-05-27T01:55:38.176720,30.2,58.8,1006.5,0.0,417,20,32,12,14,30.6,62.4,0.0,215,SW,0.0
2025-05-27T01:56:10.164663,30.3,58.8,1006.6,0.0,418,20,33,11,13,30.7,62.2,0.0,215,SW,0.0
2025-05-27T01:56:42.134499,30.3,58.4,1006.7,0.0,418,18,31,10,12,30.8,62.0,0.0,215,SW,0.0
2025-05-27T01:57:14.116964,30.3,58.6,1006.6,0.13,421,16,29,10,12,30.8,59.2,0.0,215,SW,0.0
2025-05-27T01:57:46.101670,30.3,58.2,1006.6,0.08,418,16,34,11,13,30.8,58.2,0.0,215,SW,0.0
2025-05-27T01:58:18.090910,30.3,56.4,1006.7,0.0,414,20,32,11,13,30.9,60.5,0.0,215,SW,0.0
2025-05-27T01:58:50.080019,30.3,56.5,1006.6,0.0,418,20,33,11,13,30.9,62.3,0.0,215,SW,0.0
2025-05-27T01:59:22.069108,30.4,55.1,1006.6,0.05,415,20,32,12,14,31.0,62.8,0.0,215,SW,0.0
2025-05-27T01:59:54.055211,30.4,53.7,1006.7,0.0,419,20,35,12,14,31.0,62.5,0.0,215,SW,0.0
2025-05-27T02:00:26.035533,30.4,52.7,1006.7,0.0,418,18,33,12,14,31.0,60.8,0.0,215,SW,0.0
2025-05-27T02:00:58.016467,30.4,52.9,1006.7,0.13,431,18,34,12,14,31.1,60.2,0.0,215,SW,0.0
2025-05-27T02:01:30.005085,30.5,52.9,1006.6,0.0,413,18,29,10,12,31.1,60.5,0.0,215,SW,0.0
2025-05-27T02:02:01.989413,30.5,53.6,1006.7,0.05,420,18,29,12,14,31.2,60.7,0.0,215,SW,0.0
2025-05-27T02:02:33.979722,30.5,54.7,1006.6,0.0,424,16,30,11,13,31.2,59.6,0.0,215,SW,0.0
2025-05-27T02:03:05.939619,30.5,54.8,1006.6,0.0,420,17,30,10,12,31.2,59.0,0.0,215,SW,0.0
2025-05-27T02:03:37.928042,30.5,51.7,1006.6,0.0,413,18,31,11,13,31.3,59.8,0.0,215,SW,0.0
2025-05-27T02:04:09.904139,30.5,55.3,1006.6,0.13,418,16,29,12,14,31.3,59.5,0.0,215,SW,0.0
2025-05-27T02:04:41.882109,30.5,56.0,1006.7,0.0,418,17,31,11,13,31.3,59.7,0.0,215,SW,0.0
2025-05-27T02:05:13.871975,30.6,56.2,1006.6,0.1,413,14,28,12,14,31.3,59.3,0.0,215,SW,0.0
2025-05-27T02:05:45.858003,30.5,52.1,1006.6,0.05,428,13,39,11,13,31.4,57.7,0.0,215,SW,0.0
2025-05-27T02:06:17.848688,30.5,50.6,1006.6,0.0,423,18,36,11,13,31.4,59.7,0.0,215,SW,0.0
2025-05-27T02:06:49.825718,30.5,49.9,1006.6,0.02,424,18,34,14,17,31.4,61.4,0.0,215,SW,0.0
2025-05-27T02:07:21.811146,30.5,52.2,1006.6,0.0,414,18,29,12,14,31.4,62.0,0.0,215,SW,0.0
2025-05-27T02:07:53.790889,30.5,55.3,1006.6,0.0,413,17,30,12,14,31.4,62.1,0.0,215,SW,0.0
2025-05-27T02:08:25.772393,30.5,57.2,1006.6,0.08,419,18,30,12,14,31.5,62.1,0.0,215,SW,0.0
2025-05-27T02:08:57.750752,30.5,56.1,1006.6,0.05,428,17,29,11,13,31.5,61.6,0.0,215,SW,0.0
2025-05-27T02:09:29.742686,30.6,51.2,1006.6,0.0,419,13,28,11,13,31.5,60.3,0.0,215,SW,0.0
2025-05-27T02:10:01.718497,30.5,52.5,1006.7,0.0,417,16,27,13,16,31.4,60.0,0.0,215,SW,0.0
2025-05-27T02:10:33.705786,30.6,49.9,1006.6,0.0,444,16,32,14,17,31.3,60.7,0.0,215,SW,0.0
2025-05-27T02:11:05.675158,30.6,50.3,1006.7,0.0,421,16,28,13,16,31.3,61.1,0.0,215,SW,0.0
2025-05-27T02:11:37.661871,30.6,51.0,1006.6,0.08,434,13,25,13,16,31.4,59.9,0.0,215,SW,0.0
2025-05-27T02:12:09.654395,30.6,50.5,1006.5,0.0,419,16,29,11,13,31.4,59.3,0.0,215,SW,0.0
2025-05-27T02:12:41.636018,30.6,51.7,1006.6,0.1,423,17,31,12,14,31.4,59.3,0.0,215,SW,0.0
2025-05-27T02:13:13.606231,30.6,53.2,1006.6,0.02,432,13,37,11,13,31.4,58.8,0.0,215,SW,0.0
2025-05-27T02:13:45.575204,30.6,54.2,1006.6,0.1,431,18,41,12,14,31.4,58.7,0.0,215,SW,0.0
2025-05-27T02:14:17.541999,30.6,55.9,1006.6,0.0,413,18,35,13,16,31.4,60.7,0.0,215,SW,0.0
2025-05-27T02:14:49.534026,30.6,55.5,1006.6,0.0,424,18,36,12,14,31.4,61.5,0.0,215,SW,0.0
2025-05-27T02:15:21.513258,30.7,56.5,1006.6,0.0,441,18,57,13,16,31.5,61.6,0.0,215,SW,0.0
2025-05-27T02:15:53.494111,30.6,56.6,1006.7,0.02,424,18,55,14,17,31.5,61.8,0.0,215,SW,0.0
2025-05-27T02:16:25.460871,30.6,57.0,1006.6,0.0,429,16,51,13,16,31.5,62.1,0.0,215,SW,0.0
2025-05-27T02:16:57.452159,30.6,57.1,1006.7,0.0,418,16,29,13,16,31.5,61.9,0.0,215,SW,0.0
2025-05-27T02:17:29.432537,30.6,51.1,1006.6,0.0,418,13,38,12,14,31.2,55.1,0.0,196,SSW,0.0
2025-05-27T02:18:01.420580,30.6,51.0,1006.6,0.08,419,13,28,12,14,30.9,56.7,0.0,222,SW,0.0
2025-05-27T02:18:33.395896,30.5,51.6,1006.5,0.1,443,16,33,11,13,30.8,57.3,0.1,155,SSE,0.0
2025-05-27T02:19:05.363340,30.3,52.5,1006.5,0.0,458,17,28,10,12,30.6,58.8,0.1,286,WNW,0.0
2025-05-27T02:19:37.351989,30.2,52.9,1006.4,0.0,447,18,30,11,13,30.6,58.7,0.1,188,S,0.0
2025-05-27T02:20:09.336926,30.1,53.3,1006.4,0.1,464,18,34,11,13,30.3,59.3,0.2,285,WNW,0.0
2025-05-27T02:20:41.318237,29.9,53.4,1006.2,0.0,455,46,65,13,16,30.3,59.2,0.1,164,SSE,0.0
2025-05-27T02:21:13.297055,29.8,53.7,1006.3,0.05,472,101,132,16,19,30.4,59.2,0.1,220,SW,0.0
2025-05-27T02:21:45.287707,29.7,53.9,1006.3,0.0,479,136,168,16,19,30.3,59.0,0.1,188,S,0.0
2025-05-27T02:22:17.270906,29.7,53.9,1006.2,0.0,489,154,189,16,19,30.3,59.1,0.0,287,WNW,0.0
2025-05-27T02:22:49.260272,29.6,54.0,1006.2,0.0,507,162,200,18,22,30.2,59.4,0.1,160,SSE,0.0
2025-05-27T02:23:21.248097,29.5,53.9,1006.2,0.0,512,163,202,18,22,30.1,59.1,0.1,118,ESE,0.0
2025-05-27T02:23:53.218778,29.5,54.2,1006.2,0.05,503,160,187,17,21,30.1,59.2,0.1,216,SW,0.0
2025-05-27T02:24:25.209494,29.4,54.3,1006.1,0.05,498,159,197,17,21,30.0,59.4,0.1,158,SSE,0.0
2025-05-27T02:24:57.195032,29.4,54.5,1006.1,0.1,497,155,193,17,21,29.9,59.7,0.1,340,NNW,0.0
2025-05-27T02:25:29.175655,29.4,54.3,1006.1,0.16,515,148,185,17,21,30.0,59.4,0.0,49,NE,0.0
2025-05-27T02:26:01.149393,29.3,54.3,1006.1,0.05,541,146,195,17,21,30.1,59.1,0.0,259,W,0.0
2025-05-27T02:26:33.110067,29.3,54.2,1006.1,0.0,559,143,182,18,22,29.9,59.5,0.1,176,S,0.0
2025-05-27T02:27:05.080489,29.3,54.4,1006.1,0.0,568,139,192,16,19,30.0,59.4,0.0,298,WNW,0.0
2025-05-27T02:27:37.070290,29.3,54.9,1006.1,0.08,557,138,191,16,19,29.9,59.9,0.2,258,WSW,0.0
2025-05-27T02:28:09.045812,29.3,55.3,1006.2,0.1,558,136,190,15,18,29.7,60.5,0.2,175,S,0.0
2025-05-27T02:28:41.023484,29.3,55.8,1006.2,0.0,571,138,188,16,19,29.3,61.8,0.3,272,W,0.0
2025-05-27T02:29:12.990602,29.3,56.2,1006.1,0.02,584,134,170,15,18,29.4,62.5,0.3,240,WSW,0.0
2025-05-27T02:29:44.973209,29.3,56.7,1006.1,0.0,597,129,170,15,18,29.6,62.3,0.2,271,W,0.0
2025-05-27T02:30:16.959869,29.3,57.3,1006.2,0.08,603,127,169,15,18,29.4,63.4,0.2,283,WNW,0.0
2025-05-27T02:30:48.935963,29.4,57.7,1006.2,0.0,611,125,148,16,19,29.4,63.7,0.3,211,SSW,0.0
2025-05-27T02:31:20.925339,29.4,58.0,1006.2,0.1,620,121,162,16,19,29.6,63.5,0.3,15,NNE,0.0
2025-05-27T02:31:52.911004,29.4,58.1,1006.2,0.0,628,120,161,15,18,29.7,63.6,0.2,200,SSW,0.0
2025-05-27T02:32:24.894767,29.4,58.3,1006.2,0.13,626,115,158,14,17,29.8,63.6,0.1,42,NE,0.0
2025-05-27T02:32:56.868055,29.4,58.2,1006.2,0.0,632,112,155,16,19,29.8,63.6,0.2,269,W,0.0
2025-05-27T02:33:28.838346,29.5,58.6,1006.2,0.08,638,107,132,15,18,29.8,63.8,0.1,19,NNE,0.0
2025-05-27T02:34:00.824437,29.5,58.6,1006.3,0.0,646,105,145,15,18,29.7,64.3,0.1,39,NE,0.0
2025-05-27T02:34:32.803216,29.5,58.4,1006.2,0.02,652,100,142,14,17,29.8,64.0,0.1,295,WNW,0.0
2025-05-27T02:35:04.778720,29.5,58.3,1006.3,0.0,657,97,138,16,19,29.6,63.9,0.0,301,WNW,0.0
2025-05-27T02:35:36.778202,29.5,58.3,1006.2,0.05,657,96,138,15,18,29.8,63.5,0.1,156,SSE,0.0
2025-05-27T02:36:08.745015,29.5,58.7,1006.3,0.0,662,95,120,14,17,29.8,63.9,0.1,296,WNW,0.0
2025-05-27T02:36:40.722334,29.5,58.4,1006.2,0.0,667,92,134,15,18,29.7,63.6,0.1,251,WSW,0.0
2025-05-27T02:37:12.691750,29.5,58.3,1006.3,0.05,677,89,132,13,16,29.7,63.8,0.1,252,WSW,0.0
2025-05-27T02:37:44.670768,29.5,58.8,1006.3,0.0,692,87,142,17,21,29.8,64.0,0.1,170,S,0.0
2025-05-27T02:38:16.658881,29.5,58.3,1006.2,0.1,708,83,137,15,18,29.7,63.8,0.1,104,ESE,0.0
2025-05-27T02:38:48.645644,29.5,58.8,1006.3,0.0,717,83,118,15,18,29.9,63.7,0.1,332,NNW,0.0
2025-05-27T02:39:20.623199,29.4,58.7,1006.3,0.0,732,83,138,15,18,29.7,63.9,0.1,162,SSE,0.0
2025-05-27T02:39:52.614986,29.5,58.7,1006.2,0.0,740,83,138,15,18,29.6,64.1,0.2,305,NW,0.0
2025-05-27T02:40:24.601848,29.4,58.7,1006.3,0.0,742,80,118,16,19,29.5,64.4,0.2,216,SW,0.0
2025-05-27T02:40:56.588082,29.5,58.6,1006.3,0.0,751,81,123,14,17,29.5,64.6,0.4,294,WNW,0.0
2025-05-27T02:41:28.567018,29.4,58.4,1006.2,0.0,757,79,122,15,18,29.5,64.3,0.3,205,SSW,0.0
2025-05-27T02:41:44.558114,29.5,58.4,1006.3,0.0,762,79,123,13,16,29.5,64.4,0.2,223,SW,0.0
2025-05-27T07:26:03.916687,29.5,58.6,1006.2,0.05,776,76,124,15,18,29.7,64.1,0.3,280,W,0.0
2025-05-27T07:26:35.882030,29.5,58.7,1006.2,0.08,788,75,122,15,18,29.7,64.1,0.2,274,W,0.0
2025-05-27T07:27:07.860938,29.5,58.8,1006.3,0.02,802,75,121,15,18,29.7,64.2,0.3,249,WSW,0.0
2025-05-27T07:27:39.832450,29.5,58.7,1006.2,0.0,806,72,102,15,18,29.9,63.6,0.3,251,WSW,0.0
2025-05-27T07:28:11.777551,29.5,58.6,1006.3,0.0,822,73,124,14,17,29.6,64.5,0.3,273,W,0.0
2025-05-27T07:28:43.779859,29.5,58.4,1006.3,0.0,837,73,122,13,16,29.6,64.4,0.3,303,WNW,0.0
2025-05-27T07:29:15.757252,29.5,58.3,1006.2,0.0,854,73,122,15,18,29.4,64.8,0.4,232,SW,0.0
2025-05-27T07:29:47.739713,29.5,58.6,1006.3,0.13,869,72,124,15,18,29.6,64.5,0.2,239,WSW,0.0
2025-05-27T07:30:19.724841,29.5,58.6,1006.2,0.0,876,69,104,16,19,29.7,64.1,0.2,16,NNE,0.0
2025-05-27T07:30:51.684460,29.5,58.7,1006.3,0.0,877,67,120,14,17,29.8,63.9,0.1,227,SW,0.0
2025-05-27T07:31:23.658000,29.5,58.6,1006.2,0.1,885,67,123,14,17,29.9,63.8,0.2,169,S,0.0
2025-05-27T07:31:55.634026,29.6,58.4,1006.2,0.08,893,67,133,14,17,29.7,63.7,0.2,276,W,0.0
2025-05-27T07:32:27.604901,29.6,58.1,1006.2,0.0,916,67,136,14,17,29.5,64.0,0.3,277,W,0.0
2025-05-27T07:32:59.590212,29.6,58.0,1006.3,0.0,935,65,120,13,16,29.7,63.5,0.1,15,NNE,0.0
2025-05-27T07:33:31.573353,29.6,58.1,1006.3,0.08,936,64,136,16,19,29.9,63.2,0.2,284,WNW,0.0
2025-05-27T07:34:03.552533,29.6,58.0,1006.2,0.0,935,64,136,15,18,30.0,63.0,0.1,160,SSE,0.0
2025-05-27T07:34:35.523854,29.6,57.7,1006.3,0.0,936,64,120,15,18,29.7,63.2,0.1,236,SW,0.0
2025-05-27T07:35:07.531953,29.6,57.6,1006.3,0.05,936,62,131,15,18,29.6,63.7,0.3,221,SW,0.0
2025-05-27T07:35:39.520037,29.6,57.5,1006.3,0.02,947,64,120,14,17,29.6,63.5,0.3,302,WNW,0.0
2025-05-27T07:36:11.505509,29.6,57.5,1006.2,0.0,956,65,121,13,16,29.7,63.4,0.3,243,WSW,0.0
2025-05-27T07:36:43.489083,29.6,57.5,1006.2,0.0,964,65,120,14,17,29.8,63.0,0.2,211,SSW,0.0
2025-05-27T07:37:15.459069,29.6,57.3,1006.2,0.0,976,64,105,12,14,29.7,63.0,0.3,213,SSW,0.0
2025-05-27T07:37:47.445949,29.6,57.0,1006.2,0.0,981,65,120,13,16,29.5,63.3,0.2,294,WNW,0.0
2025-05-27T07:38:19.434829,29.6,57.1,1006.2,0.1,984,64,123,15,18,29.8,62.9,0.2,278,W,0.0
2025-05-27T07:38:51.424055,29.6,56.9,1006.2,0.0,986,64,123,13,16,29.7,62.6,0.2,219,SW,0.0
2025-05-27T07:39:23.413649,29.6,56.4,1006.2,0.0,986,62,122,14,17,29.7,62.4,0.2,211,SSW,0.0
2025-05-27T07:39:55.404135,29.6,56.1,1006.2,0.13,1000,62,103,13,16,29.6,62.5,0.3,221,SW,0.0
2025-05-27T07:40:27.387246,29.6,56.2,1006.2,0.0,1017,64,127,13,16,29.8,62.1,0.2,247,WSW,0.0
2025-05-27T07:40:59.375253,29.6,56.1,1006.2,0.0,1025,62,127,12,14,29.7,62.1,0.2,238,WSW,0.0
2025-05-27T07:41:31.353431,29.6,56.1,1006.2,0.13,1031,62,130,14,17,29.7,61.9,0.3,200,SSW,0.0
2025-05-27T07:42:03.354709,29.6,56.0,1006.2,0.05,1025,61,130,14,17,29.7,61.8,0.2,190,S,0.0
2025-05-27T07:42:35.342581,29.6,56.1,1006.2,0.0,1025,61,111,14,17,29.7,62.1,0.2,228,SW,0.0
2025-05-27T07:43:07.334042,29.6,56.0,1006.2,0.02,1025,61,142,12,14,29.7,62.1,0.2,263,W,0.0
2025-05-27T07:43:39.319825,29.6,56.1,1006.1,0.0,1030,60,145,14,17,29.7,62.1,0.2,281,W,0.0
2025-05-27T07:44:11.289919,29.6,56.0,1006.2,0.0,1046,60,124,14,17,29.7,62.1,0.2,306,NW,0.0
2025-05-27T07:44:43.276685,29.6,56.2,1006.3,0.13,1055,60,144,12,14,29.8,62.0,2.7,219,SW,0.0
2025-05-27T07:45:15.268066,29.6,56.6,1006.3,0.05,1055,60,146,12,14,29.8,62.6,1.1,244,WSW,0.0
2025-05-27T07:45:47.255190,29.6,56.7,1006.3,0.08,1050,57,143,14,17,29.8,62.5,0.4,340,NNW,0.0
2025-05-27T07:46:19.216091,29.6,56.6,1006.3,0.02,1055,57,132,13,16,29.7,63.0,0.3,231,SW,0.0
2025-05-27T07:46:51.204066,29.7,56.9,1006.3,0.0,1055,58,114,13,16,29.8,62.7,0.2,327,NNW,0.0
2025-05-27T07:47:23.200297,29.7,57.5,1006.3,0.0,1060,56,129,13,16,29.9,63.1,0.1,93,E,0.0
2025-05-27T07:47:55.171090,29.6,57.2,1006.3,0.0,1050,53,126,12,14,30.0,62.6,0.1,39,NE,0.0
2025-05-27T07:48:27.138833,29.7,56.5,1006.3,0.0,1051,53,126,13,16,30.0,62.1,0.1,43,NE,0.0
2025-05-27T07:48:59.116468,29.7,56.5,1006.3,0.0,1049,53,126,14,17,30.0,62.0,0.1,95,E,0.0
2025-05-27T07:49:31.105835,29.7,56.5,1006.4,0.02,1052,56,108,12,14,30.0,61.8,0.1,89,E,0.0
2025-05-27T07:50:03.070714,29.7,56.6,1006.4,0.0,1055,54,127,14,17,30.1,61.9,0.1,148,SSE,0.0
2025-05-27T07:50:35.048643,29.7,56.9,1006.4,0.0,1055,54,127,13,16,30.0,62.4,0.2,200,SSW,0.0
2025-05-27T07:51:07.037839,29.7,57.2,1006.4,0.0,1059,57,112,14,17,29.9,62.7,0.1,275,W,0.0
2025-05-27T07:51:39.016704,29.7,57.7,1006.4,0.13,1063,56,129,13,16,30.0,63.2,0.1,227,SW,0.0
2025-05-27T07:52:10.993884,29.8,58.4,1006.4,0.0,1060,56,129,12,14,29.9,64.1,0.2,264,W,0.0
2025-05-27T07:52:42.974531,29.8,58.9,1006.4,0.02,1060,57,128,14,17,29.8,64.8,0.2,229,SW,0.0
2025-05-27T07:53:14.951143,29.7,59.5,1006.5,0.0,1051,56,128,14,17,30.1,64.8,0.2,207,SSW,0.0
2025-05-27T07:53:46.917339,29.8,60.0,1006.4,0.1,1037,56,109,13,16,29.9,65.6,0.2,233,SW,0.0
2025-05-27T07:54:18.889091,29.8,60.5,1006.5,0.0,1031,56,138,12,14,29.8,66.4,0.2,278,W,0.0
2025-05-27T07:54:50.881002,29.8,60.9,1006.5,0.0,1026,53,136,13,16,29.9,66.6,0.2,240,WSW,0.0
2025-05-27T07:55:22.854301,29.9,61.1,1006.6,0.0,1017,50,135,14,17,30.1,66.4,0.2,29,NNE,0.0
2025-05-27T07:55:54.841486,29.9,61.6,1006.6,0.05,1009,48,132,14,17,30.1,66.4,0.1,319,NW,0.0
2025-05-27T07:56:26.824432,29.9,61.7,1006.6,0.02,995,46,106,14,17,30.1,66.6,0.1,296,WNW,0.0
2025-05-27T07:56:58.811325,29.9,61.6,1006.7,0.02,985,46,125,14,17,30.2,66.8,0.1,293,WNW,0.0
2025-05-27T07:57:30.798614,30.0,62.0,1006.6,0.0,982,44,109,14,17,30.2,66.9,0.2,336,NNW,0.0
2025-05-27T07:58:02.776804,29.9,61.9,1006.8,0.0,965,41,106,14,17,30.2,66.8,0.1,237,WSW,0.0
2025-05-27T07:58:34.753444,29.9,62.0,1006.8,0.0,951,41,104,13,16,30.2,66.7,0.0,146,SE,0.0
2025-05-27T07:59:06.741031,30.0,61.5,1006.7,0.0,946,41,90,15,18,30.2,66.7,0.1,270,W,0.0
2025-05-27T07:59:38.728470,29.9,61.9,1006.7,0.0,941,40,105,16,19,30.2,66.8,0.0,137,SE,0.0
2025-05-27T08:00:10.707286,30.0,61.6,1006.7,0.0,940,38,100,14,17,30.3,66.5,0.1,339,NNW,0.0
2025-05-27T08:00:42.697805,30.0,61.5,1006.8,0.08,932,38,82,14,17,30.2,66.5,0.2,237,WSW,0.0
2025-05-27T08:01:14.675187,30.0,61.6,1006.8,0.0,915,38,100,15,18,30.3,66.2,0.1,200,SSW,0.0
2025-05-27T08:01:46.654478,29.9,61.3,1006.7,0.0,908,38,101,14,17,30.2,66.2,0.1,246,WSW,0.0
2025-05-27T08:02:18.635642,29.9,61.3,1006.8,0.08,911,37,101,15,18,30.3,66.1,0.2,35,NE,0.0
2025-05-27T08:02:50.602227,30.0,61.6,1006.8,0.1,921,37,100,15,18,30.0,66.6,0.2,217,SW,0.0
2025-05-27T08:03:22.590485,30.0,61.1,1006.7,0.0,926,38,78,15,18,29.9,66.9,0.3,210,SSW,0.0
2025-05-27T08:03:54.579625,29.9,61.4,1006.7,0.0,917,40,99,13,16,30.0,67.0,0.2,311,NW,0.0
2025-05-27T08:04:26.557374,29.9,61.5,1006.8,0.08,910,83,150,18,22,30.1,66.4,0.1,216,SW,0.0
2025-05-27T08:04:58.534446,29.9,61.3,1006.8,0.0,896,147,235,20,24,30.2,66.0,0.1,257,WSW,0.0
2025-05-27T08:05:30.502690,29.9,61.1,1006.8,0.0,906,176,271,23,28,30.2,65.9,0.1,274,W,0.0
2025-05-27T08:06:02.490511,30.0,61.1,1006.8,0.0,912,196,272,22,27,30.1,66.0,0.1,230,SW,0.0
2025-05-27T08:06:34.470179,30.0,60.5,1006.8,0.08,931,203,300,24,29,30.0,65.9,0.1,143,SE,0.0
2025-05-27T08:07:06.447933,30.0,60.5,1006.8,0.16,941,206,308,23,28,30.1,65.8,0.1,248,WSW,0.0
2025-05-27T08:07:38.428711,30.0,60.3,1006.8,0.0,943,201,284,22,27,30.1,65.5,0.2,197,SSW,0.0
2025-05-27T08:08:10.414013,30.0,60.0,1006.8,0.1,946,196,286,20,24,30.1,65.2,0.2,171,S,0.0
2025-05-27T08:08:42.382019,29.9,59.8,1006.8,0.02,946,190,282,21,26,30.2,64.8,0.2,270,W,0.0
2025-05-27T08:09:14.360604,30.0,59.7,1006.8,0.0,946,186,279,20,24,30.3,64.4,0.1,102,ESE,0.0
2025-05-27T08:09:46.352986,29.9,59.5,1006.8,0.0,949,180,273,21,26,30.3,64.3,0.1,234,SW,0.0
2025-05-27T08:10:18.328625,29.9,59.4,1006.8,0.05,949,174,244,21,26,30.3,64.4,0.0,278,W,0.0
2025-05-27T08:10:50.305669,29.9,59.4,1006.9,0.0,952,170,257,21,26,30.2,64.1,0.1,298,WNW,0.0
2025-05-27T08:11:22.276486,30.0,59.3,1006.8,0.0,942,164,255,19,23,30.3,64.1,0.2,207,SSW,0.0
2025-05-27T08:11:54.244789,30.0,59.2,1006.8,0.0,945,160,252,20,24,30.2,64.4,0.1,272,W,0.0
2025-05-27T08:12:26.223474,30.0,59.1,1006.8,0.1,947,156,249,18,22,30.2,64.3,0.1,222,SW,0.0
2025-05-27T08:12:58.208958,30.0,59.1,1006.8,0.0,959,154,228,20,24,30.3,64.0,0.1,352,N,0.0
2025-05-27T08:13:30.190307,30.0,58.9,1006.8,0.0,966,150,243,18,22,30.3,63.7,0.1,22,NNE,0.0
2025-05-27T08:14:02.177616,30.0,58.7,1006.7,0.05,975,218,319,21,26,30.3,63.6,0.1,121,ESE,0.0
2025-05-27T08:14:34.155229,30.0,58.6,1006.8,0.0,981,213,314,21,26,30.2,63.6,0.2,196,SSW,0.0
2025-05-27T08:15:06.142889,30.0,58.8,1006.9,0.02,985,219,326,21,26,30.3,63.8,0.1,252,WSW,0.0
2025-05-27T08:15:38.119048,30.0,58.8,1006.8,0.0,991,265,366,21,26,30.1,64.2,0.2,262,W,0.0
2025-05-27T08:16:10.104608,30.0,58.4,1006.8,0.05,988,289,412,21,26,30.3,63.5,0.2,330,NNW,0.0
2025-05-27T08:16:42.092944,30.0,58.3,1006.7,0.08,1000,298,422,22,27,30.2,63.7,0.2,89,E,0.0
2025-05-27T08:17:14.074373,30.0,58.3,1006.8,0.0,1005,300,405,22,27,30.1,63.8,0.1,134,SE,0.0
2025-05-27T08:17:46.056525,30.0,58.3,1006.7,0.0,1020,296,420,20,24,30.2,63.6,0.2,245,WSW,0.0
2025-05-27T08:18:18.039176,29.9,58.1,1006.8,0.0,1022,292,416,22,27,30.2,63.4,0.2,178,S,0.0
2025-05-27T08:18:50.026301,29.9,58.0,1006.8,0.0,1026,286,396,20,24,30.2,63.2,0.2,23,NNE,0.0
2025-05-27T08:19:22.012598,29.9,58.1,1006.8,0.05,1035,276,386,22,27,30.2,63.3,0.2,99,E,0.0
2025-05-27T08:19:53.988130,29.9,58.1,1006.7,0.0,1042,266,357,19,23,30.2,63.1,0.1,273,W,0.0
2025-05-27T08:20:25.979776,30.0,58.2,1006.7,0.0,1046,261,367,20,24,30.2,63.2,0.1,252,WSW,0.0
2025-05-27T08:20:57.966290,30.0,58.1,1006.7,0.0,1037,254,361,21,26,30.2,63.3,0.1,231,SW,0.0
2025-05-27T08:21:29.953069,30.0,58.0,1006.8,0.0,1040,247,354,17,21,30.0,63.7,0.2,333,NNW,0.0
2025-05-27T08:22:01.940643,30.0,57.7,1006.7,0.0,1050,239,348,18,22,30.1,63.3,0.2,248,WSW,0.0
2025-05-27T08:22:33.928997,30.0,57.8,1006.7,0.13,1055,231,315,20,24,30.2,63.4,0.2,172,S,0.0
2025-05-27T08:23:05.913202,29.9,57.7,1006.8,0.0,1061,225,322,19,23,30.2,63.0,0.1,138,SE,0.0
2025-05-27T08:23:37.903833,30.0,57.8,1006.7,0.13,1065,221,330,19,23,30.2,63.2,0.1,152,SSE,0.0
2025-05-27T08:24:09.870976,30.0,57.7,1006.8,0.0,1065,218,326,19,23,30.1,63.3,0.2,144,SE,0.0
2025-05-27T08:24:41.848475,30.0,57.5,1006.7,0.0,1082,213,313,18,22,30.3,62.8,0.2,141,SE,0.0
2025-05-27T08:25:13.828043,30.0,57.5,1006.8,0.0,1091,211,321,18,22,30.2,62.9,0.3,203,SSW,0.0
2025-05-27T08:25:45.794887,29.9,57.3,1006.8,0.02,1105,207,317,18,22,30.1,63.0,0.3,265,W,0.0
2025-05-27T08:26:17.765799,30.0,57.3,1006.7,0.0,1120,203,316,22,27,30.1,63.2,0.2,215,SW,0.0
2025-05-27T08:26:49.749375,30.0,57.6,1006.8,0.02,1125,202,330,26,32,30.1,63.2,0.1,225,SW,0.0
2025-05-27T08:27:21.737200,30.0,57.5,1006.8,0.0,1131,196,312,33,41,30.2,62.8,0.1,223,SW,0.0
2025-05-27T08:27:53.712965,30.0,57.3,1006.8,0.0,1121,246,379,38,47,30.2,62.8,0.2,265,W,0.0
2025-05-27T08:28:25.691891,30.0,57.3,1006.8,0.08,1135,351,497,55,68,30.2,62.8,0.2,237,WSW,0.0
2025-05-27T08:28:57.669426,30.0,57.2,1006.8,0.0,1145,330,474,48,59,30.0,63.1,0.2,206,SSW,0.0
2025-05-27T08:29:29.638599,30.0,57.3,1006.9,0.0,1165,314,455,47,58,30.1,63.3,0.2,208,SSW,0.0
2025-05-27T08:30:01.595388,30.0,57.3,1006.8,0.0,1165,298,414,50,62,30.2,62.8,0.2,253,WSW,0.0
2025-05-27T08:30:33.583680,30.0,57.3,1006.9,0.02,1170,288,413,49,61,30.3,62.6,0.1,266,W,0.0
2025-05-27T08:31:05.563182,30.0,56.9,1006.9,0.0,1177,278,402,50,62,30.2,62.4,0.1,226,SW,0.0
2025-05-27T08:31:37.547636,30.0,57.0,1006.9,0.0,1185,270,382,47,58,30.2,62.6,0.2,175,S,0.0
2025-05-27T08:32:09.536102,30.0,57.1,1007.0,0.0,1192,262,386,46,57,30.3,62.4,0.1,251,WSW,0.0
2025-05-27T08:32:41.515231,30.0,57.1,1006.9,0.0,1197,255,379,45,56,30.2,62.6,0.2,189,S,0.0
2025-05-27T08:33:13.482557,30.0,57.0,1006.9,0.02,1200,249,371,43,53,30.4,62.4,0.1,221,SW,0.0
2025-05-27T08:33:45.461932,30.1,57.3,1006.9,0.13,1200,241,363,44,54,30.3,62.5,0.1,180,S,0.0
2025-05-27T08:34:17.450935,30.1,57.5,1006.9,0.05,1209,234,341,42,52,30.3,62.9,0.1,273,W,0.0
2025-05-27T08:34:49.424742,30.1,57.5,1006.9,0.0,1208,226,344,41,51,30.4,62.6,0.1,224,SW,0.0
2025-05-27T08:35:21.410216,30.0,57.7,1007.0,0.0,1210,223,342,42,52,30.3,63.1,0.1,117,ESE,0.0
2025-05-27T08:35:53.391197,30.1,58.2,1007.0,0.0,1200,219,335,40,49,30.3,63.7,0.2,264,W,0.0
2025-05-27T08:36:25.366844,30.1,58.7,1007.0,0.0,1210,215,333,38,47,30.3,64.1,0.1,236,SW,0.0
2025-05-27T08:36:57.334902,30.1,59.1,1007.0,0.02,1215,209,315,38,47,30.4,64.3,0.0,214,SW,0.0
2025-05-27T08:37:29.323585,30.1,59.8,1006.9,0.0,1224,206,324,38,47,30.4,65.0,0.2,347,NNW,0.0
2025-05-27T08:38:01.301149,30.2,60.2,1007.0,0.08,1220,203,333,38,47,30.3,65.5,0.3,202,SSW,0.0
2025-05-27T08:38:33.279204,30.2,60.4,1007.0,0.0,1220,199,332,37,46,30.3,66.0,0.3,204,SSW,0.0
2025-05-27T08:39:05.269039,30.2,60.6,1007.1,0.0,1230,196,329,35,43,30.3,66.1,0.3,164,SSE,0.0
2025-05-27T08:39:37.255287,30.3,60.8,1007.1,0.0,1240,195,315,36,44,30.4,66.1,0.2,286,WNW,0.0
2025-05-27T08:40:09.233244,30.3,60.9,1007.1,0.0,1240,194,330,34,42,30.4,66.2,0.2,158,SSE,0.0
2025-05-27T08:40:41.215254,30.3,60.9,1007.1,0.0,1250,191,326,33,41,30.3,66.7,0.3,2,N,0.0
2025-05-27T08:41:13.205749,30.3,61.0,1007.1,0.1,1250,187,298,32,39,30.4,66.4,0.3,199,SSW,0.0
2025-05-27T08:41:45.188097,30.3,60.8,1007.1,0.0,1250,184,307,33,41,30.4,66.4,0.4,129,SE,0.0
2025-05-27T08:42:17.166510,30.4,60.5,1007.0,0.0,1255,183,305,33,41,30.4,66.2,0.4,290,WNW,0.0
2025-05-27T08:42:49.149037,30.3,60.4,1007.1,0.08,1268,176,297,33,41,30.3,66.5,0.3,252,WSW,0.0
2025-05-27T08:43:21.136412,30.3,60.2,1007.1,0.0,1280,174,296,33,41,30.4,65.8,0.2,106,ESE,0.0
2025-05-27T08:43:53.126631,30.3,60.3,1007.1,0.1,1290,170,279,32,39,30.6,65.5,0.2,198,SSW,0.0
2025-05-27T08:44:25.091334,30.3,59.9,1007.1,0.02,1284,163,285,29,36,30.5,64.9,0.2,222,SW,0.0
2025-05-27T08:44:57.078948,30.3,59.9,1007.1,0.0,1289,159,277,29,36,30.4,65.5,0.3,275,W,0.0
2025-05-27T08:45:29.055247,30.3,60.3,1007.1,0.0,1290,152,269,29,36,30.5,65.5,0.2,206,SSW,0.0
2025-05-27T08:46:01.041662,30.3,60.4,1007.2,0.13,1290,148,263,30,37,30.5,65.3,0.2,197,SSW,0.0
2025-05-27T08:46:33.029913,30.3,60.3,1007.1,0.0,1280,172,276,29,36,30.6,64.9,0.2,228,SW,0.0
2025-05-27T08:47:05.013634,30.3,60.3,1007.1,0.0,1264,195,315,33,41,30.6,65.0,0.1,102,ESE,0.0
2025-05-27T08:47:36.999326,30.3,60.2,1007.1,0.0,1270,206,327,31,38,30.6,65.0,0.1,285,WNW,0.0
2025-05-27T08:48:08.987880,30.3,60.2,1007.1,0.0,1270,209,327,31,38,30.6,65.1,0.2,277,W,0.0
2025-05-27T08:48:40.963769,30.3,60.0,1007.1,0.0,1270,209,325,31,38,30.5,65.2,0.2,205,SSW,0.0
2025-05-27T08:49:12.940249,30.3,60.2,1007.0,0.0,1269,209,338,30,37,30.7,64.9,0.1,290,WNW,0.0
2025-05-27T08:49:44.914425,30.3,60.2,1007.0,0.0,1265,211,340,30,37,30.6,64.9,0.2,240,WSW,0.0
2025-05-27T08:50:16.881014,30.3,60.2,1007.1,0.02,1265,218,348,31,38,30.7,64.6,0.1,352,N,0.0
2025-05-27T08:50:48.854663,30.3,60.0,1007.1,0.0,1254,225,342,29,36,30.6,64.7,0.1,162,SSE,0.0
2025-05-27T08:51:20.828421,30.3,59.8,1007.0,0.0,1250,229,359,30,37,30.6,64.7,0.1,210,SSW,0.0
2025-05-27T08:51:52.807328,30.3,59.9,1007.1,0.0,1249,229,360,31,38,30.7,64.5,0.1,241,WSW,0.0
2025-05-27T08:52:24.791443,30.3,59.4,1007.2,0.0,1265,227,345,27,33,30.5,64.4,0.2,328,NNW,0.0
2025-05-27T08:52:56.765507,30.3,59.3,1007.1,0.0,1279,225,340,29,36,30.5,64.4,0.1,153,SSE,0.0
2025-05-27T08:53:28.730810,30.3,59.2,1007.1,0.13,1292,223,325,30,37,30.5,64.2,0.2,186,S,0.0
2025-05-27T08:54:00.696255,30.3,58.8,1007.1,0.0,1294,222,336,29,36,30.5,64.0,0.2,168,SSE,0.0
2025-05-27T08:54:32.683714,30.3,58.8,1007.1,0.0,1294,218,331,27,33,30.5,63.7,0.2,150,SSE,0.0
2025-05-27T08:55:04.658875,30.3,58.7,1007.0,0.0,1290,214,327,29,36,30.5,63.8,0.2,264,W,0.0
2025-05-27T08:55:36.625664,30.3,58.6,1007.1,0.0,1294,210,323,28,34,30.4,63.8,0.2,155,SSE,0.0
2025-05-27T08:56:08.616043,30.3,58.4,1007.1,0.0,1291,206,306,27,33,30.5,63.6,0.2,247,WSW,0.0
2025-05-27T08:56:40.576030,30.3,58.2,1007.1,0.08,1290,203,315,27,33,30.5,63.5,0.1,238,WSW,0.0
2025-05-27T08:57:12.548278,30.3,58.3,1007.0,0.0,1289,199,312,25,31,30.6,63.2,0.2,233,SW,0.0
2025-05-27T08:57:44.518709,30.3,58.0,1007.1,0.0,1289,196,296,26,32,30.5,63.5,0.4,259,W,0.0
2025-05-27T08:58:16.498492,30.3,57.8,1007.1,0.0,1299,192,306,26,32,30.5,63.3,0.3,245,WSW,0.0
2025-05-27T08:58:48.489421,30.3,58.0,1007.0,0.08,1316,188,301,24,29,30.6,62.9,0.2,214,SW,0.0
2025-05-27T08:59:20.477277,30.3,57.8,1007.1,0.05,1326,186,298,26,32,30.5,63.0,0.3,216,SW,0.0
2025-05-27T08:59:52.471322,30.3,57.7,1007.1,0.0,1329,202,329,26,32,30.6,62.9,0.2,159,SSE,0.0
2025-05-27T09:00:24.457254,30.3,57.7,1007.1,0.0,1329,215,345,26,32,30.6,62.5,0.2,123,ESE,0.0
2025-05-27T09:00:56.448011,30.3,57.6,1007.1,0.1,1323,222,362,26,32,30.7,62.3,0.1,178,S,0.0
2025-05-27T09:01:28.427846,30.3,57.5,1007.1,0.08,1324,227,365,27,33,30.7,62.2,0.1,269,W,0.0
2025-05-27T09:02:00.405869,30.3,57.2,1007.1,0.13,1323,227,364,27,33,30.7,62.1,0.1,192,SSW,0.0
2025-05-27T09:02:32.393533,30.3,57.2,1007.1,0.0,1335,226,355,24,29,30.7,62.1,0.1,95,E,0.0
2025-05-27T09:03:04.384299,30.3,57.2,1007.0,0.1,1340,225,338,26,32,30.6,62.0,0.1,147,SSE,0.0
2025-05-27T09:03:36.370186,30.3,56.9,1007.0,0.08,1344,222,339,27,33,30.5,62.3,0.2,240,WSW,0.0
2025-05-27T09:04:08.358330,30.3,57.0,1007.1,0.02,1340,218,335,26,32,30.5,62.2,0.2,24,NNE,0.0
2025-05-27T09:04:40.322862,30.3,56.7,1007.0,0.0,1339,214,330,25,31,30.5,62.1,0.1,151,SSE,0.0
2025-05-27T09:05:12.306135,30.3,56.9,1007.0,0.02,1345,211,327,25,31,30.5,62.2,0.2,205,SSW,0.0
2025-05-27T09:05:44.297001,30.3,56.7,1007.0,0.0,1349,207,309,25,31,30.6,61.7,0.2,214,SW,0.0
2025-05-27T09:06:16.265964,30.3,56.6,1007.1,0.0,1353,203,316,26,32,30.6,61.7,0.2,307,NW,0.0
2025-05-27T09:06:48.245612,30.2,56.4,1007.0,0.0,1355,199,312,24,29,30.5,61.6,0.2,8,N,0.0
2025-05-27T09:07:20.213555,30.3,56.5,1007.0,0.0,1355,195,297,23,28,30.5,61.8,0.1,116,ESE,0.0
2025-05-27T09:07:52.186809,30.3,56.5,1007.0,0.0,1354,192,304,22,27,30.5,61.9,0.3,191,S,0.0
2025-05-27T09:08:24.169980,30.3,56.9,1007.1,0.0,1355,187,295,22,27,30.4,62.4,0.2,150,SSE,0.0
2025-05-27T09:08:56.157196,30.3,57.0,1006.9,0.1,1355,180,288,21,26,30.4,62.7,0.1,224,SW,0.0
2025-05-27T09:09:28.143171,30.2,57.0,1007.0,0.0,1352,174,255,21,26,30.4,63.1,0.1,216,SW,0.0
2025-05-27T09:10:00.131220,30.2,57.5,1007.0,0.1,1340,167,258,20,24,30.4,63.1,0.2,172,S,0.0
2025-05-27T09:10:32.108712,30.2,57.5,1006.9,0.0,1329,163,266,21,26,30.5,62.7,0.1,254,WSW,0.0
2025-05-27T09:11:04.084625,30.2,57.5,1007.0,0.0,1320,159,274,20,24,30.6,62.8,0.2,216,SW,0.0
2025-05-27T09:11:36.064672,30.2,57.6,1006.9,0.0,1315,155,270,21,26,30.5,62.7,0.1,112,ESE,0.0
2025-05-27T09:12:08.032858,30.3,57.3,1007.0,0.1,1310,154,255,21,26,30.5,62.8,0.2,253,WSW,0.0
2025-05-27T09:12:40.003436,30.3,57.1,1007.0,0.02,1310,152,257,20,24,30.5,62.7,0.2,151,SSE,0.0
2025-05-27T09:13:11.980322,30.3,56.9,1007.0,0.1,1305,150,267,20,24,30.5,62.4,0.2,266,W,0.0
2025-05-27T09:13:43.950598,30.3,57.2,1007.0,0.0,1319,148,265,22,27,30.5,62.7,0.2,220,SW,0.0
2025-05-27T09:14:15.939672,30.3,57.0,1007.0,0.0,1319,147,244,19,23,30.5,62.5,0.1,334,NNW,0.0
2025-05-27T09:14:47.931665,30.3,57.0,1006.9,0.0,1338,147,227,20,24,30.5,62.5,0.2,253,WSW,0.0
2025-05-27T09:15:19.922997,30.3,56.9,1006.9,0.1,1348,146,250,20,24,30.5,62.4,0.2,265,W,0.0
2025-05-27T09:15:51.900021,30.3,57.1,1006.9,0.0,1358,143,248,20,24,30.6,62.5,0.1,185,S,0.0
2025-05-27T09:16:23.890849,30.3,57.1,1006.9,0.08,1360,139,220,19,23,30.6,62.4,0.1,234,SW,0.0
2025-05-27T09:16:55.859625,30.3,56.9,1006.9,0.0,1354,138,233,19,23,30.6,62.2,0.2,184,S,0.0
2025-05-27T09:17:27.845897,30.3,56.7,1006.9,0.0,1355,136,240,21,26,30.7,61.9,0.2,46,NE,0.0
2025-05-27T09:17:59.805064,30.3,56.6,1006.9,0.0,1358,136,241,20,24,30.6,61.8,0.1,215,SW,0.0
2025-05-27T09:18:31.794912,30.3,56.5,1007.0,0.0,1357,136,241,19,23,30.6,61.6,0.2,230,SW,0.0
2025-05-27T09:19:03.784658,30.3,56.4,1007.0,0.1,1364,144,226,20,24,30.6,61.9,0.1,226,SW,0.0
2025-05-27T09:19:35.765939,30.3,56.5,1007.0,0.13,1364,167,262,21,26,30.5,62.1,0.3,278,W,0.0
2025-05-27T09:20:07.744296,30.3,56.4,1006.9,0.0,1372,184,290,21,26,30.6,61.9,0.2,283,WNW,0.0
2025-05-27T09:20:39.731323,30.3,56.4,1006.9,0.08,1374,195,303,20,24,30.6,61.7,0.2,107,ESE,0.0
2025-05-27T09:21:11.709268,30.3,56.2,1006.9,0.08,1369,199,307,23,28,30.7,61.4,0.1,329,NNW,0.0
2025-05-27T09:21:43.697718,30.3,56.2,1007.0,0.0,1374,199,302,22,27,30.7,61.3,0.2,236,SW,0.0
2025-05-27T09:22:15.684131,30.3,56.2,1006.9,0.13,1371,196,313,21,26,30.6,61.4,0.1,195,SSW,0.0
2025-05-27T09:22:47.673285,30.3,56.4,1006.9,0.0,1370,192,312,22,27,30.5,61.6,0.1,91,E,0.0
2025-05-27T09:23:19.661339,30.3,56.2,1007.0,0.0,1365,190,309,20,24,30.4,62.0,0.1,143,SE,0.0
2025-05-27T09:23:51.637837,30.3,56.2,1006.9,0.0,1359,187,297,21,26,30.5,61.9,0.1,357,N,0.0
2025-05-27T09:24:23.624479,30.3,56.2,1006.8,0.02,1360,183,295,21,26,30.6,61.7,0.2,101,E,0.0
2025-05-27T09:24:55.604891,30.3,55.9,1006.8,0.0,1363,180,285,19,23,30.5,61.7,0.1,260,W,0.0
2025-05-27T09:25:27.594387,30.3,55.6,1006.9,0.0,1359,179,285,19,23,30.6,61.3,0.1,341,NNW,0.0
2025-05-27T09:25:59.580574,30.3,55.4,1007.0,0.0,1359,175,261,19,23,30.4,61.6,0.1,133,SE,0.0
2025-05-27T09:26:31.546464,30.3,55.6,1006.8,0.0,1359,171,275,18,22,30.5,61.4,0.1,272,W,0.0
2025-05-27T09:27:03.514935,30.3,55.9,1006.8,0.0,1368,166,270,19,23,30.6,61.4,0.1,159,SSE,0.0
2025-05-27T09:27:35.498487,30.3,55.4,1006.9,0.0,1370,164,269,19,23,30.6,60.9,0.1,265,W,0.0
2025-05-27T09:28:07.467529,30.3,55.4,1006.9,0.0,1369,163,268,19,23,30.7,60.8,0.1,227,SW,0.0
2025-05-27T09:28:39.441820,30.3,55.6,1006.9,0.0,1365,156,241,18,22,30.6,61.3,0.1,268,W,0.0
2025-05-27T09:29:11.430135,30.3,56.1,1006.9,0.1,1354,151,252,18,22,30.7,61.3,0.0,290,WNW,0.0
2025-05-27T09:29:43.407117,30.3,56.2,1006.9,0.0,1339,147,244,19,23,30.6,61.7,0.1,337,NNW,0.0
2025-05-27T09:30:15.392929,30.3,56.2,1006.9,0.0,1327,143,239,19,23,30.6,61.5,0.0,176,S,0.0
2025-05-27T09:30:47.360659,30.3,56.1,1006.9,0.08,1316,140,235,18,22,30.6,61.5,0.0,57,ENE,0.0
2025-05-27T09:31:19.341728,30.3,56.0,1006.9,0.0,1319,139,217,19,23,30.7,61.3,0.0,60,ENE,0.0
2025-05-27T09:31:51.307824,30.3,56.4,1006.9,0.0,1325,136,236,17,21,30.7,61.7,0.0,175,S,0.0
2025-05-27T09:32:23.287526,30.3,56.7,1006.9,0.05,1318,136,243,16,19,30.8,61.9,0.0,307,NW,0.0
2025-05-27T09:32:55.285224,30.4,56.9,1007.2,0.0,1315,134,222,18,22,30.7,62.1,0.0,224,SW,0.0
2025-05-27T09:33:27.274251,30.4,57.2,1007.0,0.13,1305,134,243,19,23,30.8,62.3,0.8,219,SW,0.0
2025-05-27T09:33:59.233842,30.4,57.5,1006.9,0.0,1300,132,239,17,21,30.7,62.9,1.5,121,ESE,0.0
2025-05-27T09:34:31.225451,30.5,57.6,1006.9,0.0,1302,131,239,18,22,30.8,62.9,0.6,235,SW,0.0
2025-05-27T09:35:03.213203,30.5,58.0,1007.0,0.0,1305,131,241,20,24,30.8,63.4,0.3,209,SSW,0.0
2025-05-27T09:35:35.191193,30.5,58.2,1007.0,0.05,1309,129,206,17,21,30.9,63.4,0.3,231,SW,0.0
2025-05-27T09:36:07.183597,30.5,58.3,1006.9,0.0,1319,129,224,18,22,30.9,63.4,0.2,261,W,0.0
2025-05-27T09:36:39.163058,30.5,58.3,1006.9,0.0,1327,129,225,16,19,30.8,63.7,0.2,272,W,0.0
2025-05-27T09:37:11.139563,30.5,58.4,1007.0,0.13,1334,128,223,16,19,30.9,63.5,0.2,255,WSW,0.0
2025-05-27T09:37:43.120281,30.5,58.3,1006.9,0.08,1340,127,222,17,21,30.8,63.5,0.1,165,SSE,0.0
2025-05-27T09:38:15.078080,30.6,58.1,1007.0,0.0,1335,123,205,15,18,30.8,63.6,0.1,314,NW,0.0
2025-05-27T09:38:47.056214,30.6,58.0,1006.9,0.02,1344,123,218,16,19,30.8,63.5,0.1,174,S,0.0
2025-05-27T09:39:19.043982,30.6,58.0,1006.9,0.02,1339,119,213,18,22,30.8,63.3,0.1,279,W,0.0
2025-05-27T09:39:51.012921,30.6,57.7,1007.0,0.0,1345,117,213,16,19,30.9,63.0,0.0,240,WSW,0.0
2025-05-27T09:40:22.997668,30.5,57.7,1007.1,0.0,1340,116,212,16,19,30.8,63.0,0.0,110,ESE,0.0
2025-05-27T09:40:54.979957,30.5,57.6,1007.0,0.05,1347,115,194,16,19,30.9,62.7,0.1,234,SW,0.0
2025-05-27T09:41:26.963417,30.5,57.5,1006.9,0.0,1345,113,210,17,21,30.8,62.8,0.1,314,NW,0.0
2025-05-27T09:41:58.945316,30.5,57.2,1006.9,0.02,1349,112,208,16,19,30.7,62.8,0.2,133,SE,0.0
2025-05-27T09:42:30.910687,30.5,57.1,1006.9,0.0,1355,109,187,16,19,30.8,62.6,0.2,211,SSW,0.0
2025-05-27T09:43:02.901552,30.5,56.9,1006.9,0.0,1365,108,210,15,18,30.8,62.2,0.1,205,SSW,0.0
2025-05-27T09:43:34.864785,30.5,57.0,1006.9,0.16,1364,107,216,16,19,30.7,62.5,0.1,207,SSW,0.0
2025-05-27T09:44:06.844468,30.5,57.1,1006.9,0.0,1364,105,213,16,19,30.8,62.8,0.2,260,W,0.0
2025-05-27T09:44:38.834838,30.5,57.5,1006.8,0.05,1370,103,210,17,21,30.8,62.7,0.1,156,SSE,0.0
2025-05-27T09:45:10.811032,30.5,57.8,1006.9,0.1,1373,101,184,16,19,30.5,63.6,0.2,233,SW,0.0
2025-05-27T09:45:42.796558,30.5,58.2,1006.9,0.0,1375,97,198,17,21,30.7,63.8,0.2,115,ESE,0.0
2025-05-27T09:46:14.770944,30.5,58.6,1006.9,0.0,1369,96,198,16,19,30.7,64.0,0.2,282,WNW,0.0
2025-05-27T09:46:46.734680,30.5,58.8,1007.0,0.0,1364,93,182,15,18,30.8,63.9,0.1,150,SSE,0.0
2025-05-27T09:47:18.712481,30.5,59.3,1007.0,0.0,1364,92,179,15,18,30.8,64.5,0.2,188,S,0.0
2025-05-27T09:47:50.684492,30.5,59.3,1007.1,0.13,1369,88,154,15,18,30.7,64.5,0.1,236,SW,0.0
2025-05-27T09:48:22.663031,30.5,59.2,1007.0,0.08,1374,88,174,15,18,30.7,64.5,0.2,290,WNW,0.0
2025-05-27T09:48:54.663506,30.5,59.2,1007.0,0.08,1385,88,174,14,17,30.6,64.9,0.3,248,WSW,0.0
2025-05-27T09:49:26.645232,30.5,59.1,1007.0,0.08,1380,87,158,15,18,30.7,64.6,0.3,230,SW,0.0
2025-05-27T09:49:58.622406,30.5,59.1,1006.9,0.08,1403,85,172,15,18,30.7,64.5,0.3,216,SW,0.0
2025-05-27T09:50:30.603302,30.5,59.2,1007.0,0.0,1413,85,172,16,19,30.6,64.9,0.2,215,SW,0.0
2025-05-27T09:51:02.577679,30.5,59.3,1007.0,0.0,1434,85,172,15,18,30.4,65.4,0.3,274,W,0.0
2025-05-27T09:51:34.562441,30.5,59.2,1006.9,0.0,1443,85,174,16,19,30.5,65.1,0.2,311,NW,0.0
2025-05-27T09:52:06.541817,30.5,59.3,1007.0,0.13,1445,83,157,17,21,30.7,64.8,0.2,251,WSW,0.0
2025-05-27T09:52:38.527489,30.5,59.3,1007.0,0.0,1444,81,172,15,18,30.7,64.5,0.2,252,WSW,0.0
2025-05-27T09:53:10.510340,30.5,59.5,1007.0,0.13,1444,81,173,18,22,30.8,64.8,0.2,221,SW,0.0
2025-05-27T09:53:42.480100,30.5,59.4,1007.0,0.0,1449,80,171,17,21,30.7,64.8,0.2,219,SW,0.0
2025-05-27T09:54:14.465556,30.5,59.7,1006.9,0.05,1444,79,171,16,19,30.7,64.9,0.1,297,WNW,0.0
2025-05-27T09:54:46.444789,30.5,59.5,1006.9,0.0,1441,79,166,18,22,30.6,65.1,0.3,239,WSW,0.0
2025-05-27T09:55:18.424597,30.5,59.8,1007.0,0.08,1439,79,183,15,18,30.5,65.6,0.3,72,ENE,0.0
2025-05-27T09:55:50.412742,30.5,60.2,1007.0,0.0,1449,76,178,16,19,30.7,65.5,0.2,196,SSW,0.0
2025-05-27T09:56:22.392376,30.5,60.2,1007.0,0.0,1444,72,173,17,21,30.7,65.2,0.2,176,S,0.0
2025-05-27T09:56:54.366628,30.5,59.9,1007.0,0.0,1453,69,167,16,19,30.8,64.8,0.1,254,WSW,0.0
2025-05-27T09:57:26.356428,30.5,59.3,1007.0,0.02,1439,67,151,15,18,30.7,64.4,0.1,253,WSW,0.0
2025-05-27T09:57:58.344809,30.5,59.1,1006.9,0.02,1429,67,155,17,21,30.9,64.0,0.1,271,W,0.0
2025-05-27T09:58:30.331505,30.5,58.7,1006.9,0.0,1412,67,150,18,22,30.7,63.4,0.1,299,WNW,0.0
2025-05-27T09:59:02.321209,30.4,58.4,1006.9,0.08,1408,67,132,16,19,30.6,63.8,0.2,192,SSW,0.0
2025-05-27T09:59:34.307809,30.4,58.3,1006.9,0.0,1395,65,144,15,18,30.6,63.5,0.1,122,ESE,0.0
2025-05-27T10:00:06.296263,30.4,58.1,1006.8,0.0,1384,65,144,15,18,30.7,63.1,0.1,219,SW,0.0
2025-05-27T10:00:38.237645,30.3,58.0,1006.9,0.0,1388,65,142,15,18,30.7,63.1,0.1,10,N,0.0
2025-05-27T10:01:10.224951,30.3,58.0,1006.9,0.0,1389,65,141,16,19,30.7,63.0,0.1,187,S,0.0
2025-05-27T10:01:42.215423,30.3,57.6,1006.9,0.1,1388,65,126,14,17,30.7,63.0,0.0,289,WNW,0.0
2025-05-27T10:02:14.182732,30.3,57.5,1006.8,0.0,1379,65,139,15,18,30.7,62.7,0.0,157,SSE,0.0
2025-05-27T10:02:46.160295,30.3,57.1,1006.9,0.0,1369,64,137,15,18,30.7,62.2,0.3,189,S,0.0
2025-05-27T10:03:18.150456,30.3,57.1,1006.8,0.08,1358,64,135,15,18,30.7,62.1,0.2,184,S,0.0
2025-05-27T10:03:50.135214,30.3,56.9,1006.9,0.0,1350,62,131,15,18,30.6,62.0,0.2,205,SSW,0.0
2025-05-27T10:04:22.116548,30.3,56.5,1006.9,0.0,1335,62,117,14,17,30.6,61.8,0.1,93,E,0.0
2025-05-27T10:04:54.101469,30.3,56.6,1006.8,0.0,1325,62,129,14,17,30.6,61.7,0.1,291,WNW,0.0
2025-05-27T10:05:26.074281,30.3,56.4,1006.9,0.0,1324,62,129,14,17,30.6,61.4,0.1,183,S,0.0
2025-05-27T10:05:58.056669,30.3,56.1,1006.9,0.0,1319,61,126,14,17,30.6,61.3,0.1,296,WNW,0.0
2025-05-27T10:06:30.040303,30.3,55.8,1006.9,0.0,1317,62,139,14,17,30.5,61.1,0.2,202,SSW,0.0
2025-05-27T10:07:02.015071,30.2,55.6,1006.8,0.0,1307,61,138,14,17,30.5,61.1,0.2,186,S,0.0
2025-05-27T10:07:33.998720,30.3,55.5,1006.8,0.0,1291,62,138,14,17,30.6,60.8,0.1,33,NNE,0.0
2025-05-27T10:08:05.966160,30.2,55.4,1006.8,0.1,1299,61,135,14,17,30.5,60.8,0.1,23,NNE,0.0
2025-05-27T10:08:37.939555,30.2,55.3,1006.8,0.0,1299,62,123,14,17,30.6,60.7,0.1,118,ESE,0.0
2025-05-27T10:09:09.926516,30.2,55.0,1006.8,0.0,1294,60,119,12,14,30.6,60.4,0.0,135,SE,0.0
2025-05-27T10:09:41.910355,30.2,55.0,1006.9,0.13,1285,60,118,16,19,30.5,60.5,0.1,97,E,0.0
2025-05-27T10:10:13.896073,30.2,54.8,1006.9,0.13,1269,60,116,15,18,30.5,60.3,0.2,205,SSW,0.0
2025-05-27T10:10:45.879947,30.2,54.8,1006.8,0.0,1270,60,115,14,17,30.5,60.5,0.1,172,S,0.0
2025-05-27T10:11:17.863439,30.2,54.8,1006.9,0.0,1269,60,100,14,17,30.5,60.6,0.1,223,SW,0.0
2025-05-27T10:11:49.867927,30.2,55.1,1006.8,0.13,1264,58,106,15,18,30.6,60.5,0.1,192,SSW,0.0
2025-05-27T10:12:21.850428,30.2,55.3,1006.8,0.0,1259,58,105,15,18,30.6,60.5,0.1,206,SSW,0.0
2025-05-27T10:12:53.824372,30.2,55.9,1006.8,0.0,1241,57,102,15,18,30.4,61.4,0.1,29,NNE,0.0
2025-05-27T10:13:25.812055,30.2,55.9,1006.9,0.02,1234,56,98,14,17,30.4,61.6,0.2,257,WSW,0.0
2025-05-27T10:13:57.793959,30.2,56.0,1006.8,0.0,1222,56,83,15,18,30.2,62.1,0.4,284,WNW,0.0
2025-05-27T10:14:29.778869,30.2,55.6,1006.9,0.0,1212,54,92,15,18,30.3,61.7,0.3,140,SE,0.0
2025-05-27T10:15:01.737273,30.2,56.0,1006.7,0.02,1200,53,91,15,18,30.4,61.6,0.2,99,E,0.0
2025-05-27T10:15:33.707146,30.2,56.1,1006.8,0.05,1190,53,79,12,14,30.6,61.6,0.1,175,S,0.0
2025-05-27T10:16:05.655833,30.2,56.5,1006.8,0.0,1178,50,87,14,17,30.6,61.6,0.1,241,WSW,0.0
2025-05-27T10:16:37.618915,30.2,56.4,1006.8,0.0,1168,50,87,13,16,30.6,61.6,0.2,224,SW,0.0
2025-05-27T10:17:09.607977,30.2,56.2,1006.8,0.0,1155,50,98,15,18,30.6,61.7,0.2,274,W,0.0
2025-05-27T10:17:41.588683,30.2,57.0,1006.8,0.08,1147,49,78,14,17,30.4,62.5,0.2,136,SE,0.0
2025-05-27T10:18:13.574921,30.2,57.2,1006.8,0.0,1135,50,83,15,18,30.3,63.1,0.4,230,SW,0.0
2025-05-27T10:18:45.549949,30.2,56.7,1006.8,0.0,1130,48,89,16,19,30.1,63.0,0.3,292,WNW,0.0
2025-05-27T10:19:17.540160,30.2,56.6,1006.8,0.0,1105,48,90,13,16,30.2,62.8,0.3,210,SSW,0.0
2025-05-27T10:19:49.510678,30.2,56.5,1006.7,0.1,1105,46,92,14,17,30.4,62.4,0.2,229,SW,0.0
2025-05-27T10:20:21.497094,30.2,56.6,1006.8,0.16,1115,46,60,14,17,30.3,62.5,0.3,220,SW,0.0
2025-05-27T10:20:53.483268,30.2,56.5,1006.7,0.13,1125,48,70,14,17,30.2,62.7,0.3,236,SW,0.0
2025-05-27T10:21:25.467964,30.2,56.6,1006.7,0.0,1130,46,80,13,16,30.2,62.6,0.3,246,WSW,0.0
2025-05-27T10:21:57.453742,30.2,56.5,1006.8,0.0,1130,46,84,15,18,30.2,62.8,0.2,225,SW,0.0
2025-05-27T10:22:29.431771,30.2,56.5,1006.8,0.0,1130,46,85,14,17,30.2,62.5,0.2,189,S,0.0
2025-05-27T10:23:01.419867,30.2,56.4,1006.8,0.0,1135,46,70,13,16,30.2,63.0,0.3,208,SSW,0.0
2025-05-27T10:23:33.403137,30.2,56.6,1006.7,0.0,1140,46,79,13,16,30.3,62.5,0.2,253,WSW,0.0
2025-05-27T10:24:05.389592,30.2,56.6,1006.8,0.16,1150,46,94,14,17,30.4,62.1,0.2,200,SSW,0.0
2025-05-27T10:24:37.363681,30.2,56.6,1006.8,0.0,1150,46,77,14,17,30.4,62.3,0.2,217,SW,0.0
2025-05-27T10:25:09.338897,30.2,56.6,1006.7,0.0,1145,46,85,14,17,30.4,62.2,0.3,95,E,0.0
2025-05-27T10:25:41.308229,30.2,56.1,1006.7,0.0,1145,46,97,14,17,30.3,62.3,0.3,225,SW,0.0
2025-05-27T10:26:13.291277,30.2,56.2,1006.8,0.02,1143,45,95,12,14,30.2,62.4,0.4,198,SSW,0.0
2025-05-27T10:26:45.277435,30.2,56.1,1006.9,0.08,1149,45,98,13,16,30.3,62.1,0.3,245,WSW,0.0
2025-05-27T10:27:17.251555,30.2,56.2,1006.8,0.0,1155,46,87,13,16,30.1,62.4,0.3,250,WSW,0.0
2025-05-27T10:27:49.240476,30.2,56.2,1006.7,0.0,1155,46,113,14,17,30.2,62.5,0.3,244,WSW,0.0
2025-05-27T10:28:21.228110,30.2,56.2,1006.8,0.02,1155,46,117,14,17,30.3,62.2,0.3,227,SW,0.0
2025-05-27T10:28:53.216299,30.2,56.2,1006.8,0.0,1160,46,120,13,16,30.3,62.0,0.2,218,SW,0.0
2025-05-27T10:29:25.201100,30.2,56.2,1006.8,0.02,1164,45,124,13,16,30.3,61.9,0.1,180,S,0.0
2025-05-27T10:29:57.198825,30.2,56.1,1006.8,0.0,1169,45,105,14,17,30.4,61.8,0.2,218,SW,0.0
2025-05-27T10:30:29.165515,30.2,56.1,1006.8,0.0,1180,45,125,14,17,30.5,61.6,0.1,277,W,0.0
2025-05-27T10:31:01.150162,30.2,56.1,1006.8,0.16,1185,44,114,12,14,30.5,61.7,0.1,157,SSE,0.0
2025-05-27T10:31:33.128316,30.2,56.0,1006.8,0.0,1180,44,113,15,18,30.5,61.5,0.1,258,WSW,0.0
2025-05-27T10:32:05.116072,30.2,55.9,1006.8,0.02,1180,42,114,12,14,30.4,61.5,0.2,194,SSW,0.0
2025-05-27T10:32:37.100170,30.2,55.5,1006.9,0.08,1175,44,100,13,16,30.5,61.0,0.2,296,WNW,0.0
2025-05-27T10:33:09.087998,30.2,55.1,1006.9,0.0,1175,44,116,13,16,30.4,60.8,0.1,287,WNW,0.0
2025-05-27T10:33:41.087503,30.2,55.1,1006.8,0.0,1170,42,116,13,16,30.5,60.7,0.1,246,WSW,0.0
2025-05-27T10:34:13.069595,30.2,55.1,1006.9,0.0,1162,42,102,12,14,30.6,60.5,0.2,248,WSW,0.0
2025-05-27T10:34:45.055874,30.2,55.0,1006.8,0.08,1160,42,117,13,16,30.6,60.5,0.3,241,WSW,0.0
2025-05-27T10:35:17.047847,30.2,54.9,1006.8,0.13,1155,42,117,14,17,30.6,60.4,0.2,280,W,0.0
2025-05-27T10:35:49.006730,30.3,54.9,1006.9,0.0,1155,41,115,13,16,30.6,60.5,0.1,219,SW,0.0
2025-05-27T10:36:20.996556,30.2,55.1,1006.9,0.0,1155,42,114,12,14,30.6,60.7,0.2,350,N,0.0
2025-05-27T10:36:52.961832,30.3,55.1,1006.9,0.0,1155,41,98,13,16,30.5,60.7,0.2,325,NW,0.0
2025-05-27T10:37:24.948909,30.2,54.9,1006.8,0.0,1150,40,109,12,14,30.6,60.4,0.2,306,NW,0.0
2025-05-27T10:37:56.933717,30.2,54.8,1006.9,0.08,1145,41,109,13,16,30.5,60.4,0.1,116,ESE,0.0
2025-05-27T10:38:28.911346,30.2,54.8,1006.9,0.0,1140,41,122,13,16,30.5,60.4,0.1,357,N,0.0
2025-05-27T10:39:00.891154,30.3,54.8,1006.9,0.0,1140,40,121,11,13,30.6,60.4,0.1,147,SSE,0.0
2025-05-27T10:39:32.877496,30.3,54.9,1006.8,0.1,1138,41,109,12,14,30.6,60.5,0.2,40,NE,0.0
2025-05-27T10:40:04.867321,30.3,55.0,1006.9,0.0,1136,41,122,13,16,30.6,60.8,0.1,250,WSW,0.0
2025-05-27T10:40:36.852090,30.3,55.1,1006.8,0.0,1126,41,120,13,16,30.6,60.7,0.1,197,SSW,0.0
2025-05-27T10:41:08.822033,30.3,55.4,1007.0,0.0,1120,44,124,13,16,30.6,61.0,0.1,206,SSW,0.0
2025-05-27T10:41:40.799135,30.3,55.5,1006.9,0.0,1120,44,112,12,14,30.6,61.2,0.1,146,SE,0.0
2025-05-27T10:42:12.777780,30.3,55.8,1006.9,0.0,1125,44,112,12,14,30.7,61.2,0.1,18,NNE,0.0
2025-05-27T10:42:44.753685,30.3,56.2,1006.9,0.08,1130,44,112,14,17,30.7,61.7,0.1,163,SSE,0.0
2025-05-27T10:43:16.710702,30.3,56.6,1007.1,0.0,1131,45,98,12,14,30.7,61.8,0.1,336,NNW,0.0
2025-05-27T10:43:48.692188,30.4,56.6,1007.0,0.0,1130,44,108,12,14,30.8,62.1,0.1,331,NNW,0.0
2025-05-27T10:44:20.684529,30.4,56.7,1007.0,0.0,1125,44,111,13,16,30.7,62.1,0.1,197,SSW,0.0
2025-05-27T10:44:52.669267,30.4,56.5,1007.0,0.02,1115,42,109,12,14,30.7,62.2,0.1,230,SW,0.0
2025-05-27T10:45:24.661098,30.5,56.4,1006.9,0.02,1110,41,109,12,14,30.8,61.9,0.1,95,E,0.0
2025-05-27T10:45:56.638318,30.4,56.5,1006.9,0.0,1095,41,87,12,14,30.7,61.9,1.5,190,S,0.0
2025-05-27T10:46:28.613480,30.4,56.4,1007.0,0.05,1102,41,106,13,16,30.7,62.0,1.6,174,S,0.0
2025-05-27T10:47:00.593941,30.5,56.2,1007.0,0.0,1095,41,106,12,14,30.8,61.6,0.5,126,SE,0.0
2025-05-27T10:47:32.582545,30.4,56.1,1007.1,0.0,1100,41,106,12,14,30.6,61.9,0.3,134,SE,0.0
2025-05-27T10:48:04.561374,30.5,55.9,1007.0,0.0,1095,40,104,12,14,30.6,61.8,0.2,254,WSW,0.0
2025-05-27T10:48:36.542141,30.4,55.6,1007.0,0.0,1105,38,93,12,14,30.7,61.4,0.1,241,WSW,0.0
2025-05-27T10:49:08.530419,30.4,55.1,1007.0,0.0,1105,37,111,13,16,30.6,61.1,0.1,92,E,0.0
2025-05-27T10:49:40.515681,30.4,55.1,1007.1,0.0,1100,38,109,13,16,30.7,60.8,0.1,149,SSE,0.0
2025-05-27T10:50:12.490158,30.4,55.0,1006.9,0.0,1085,37,108,12,14,30.6,60.9,0.1,254,WSW,0.0
2025-05-27T10:50:44.477755,30.4,55.0,1007.0,0.0,1080,37,106,12,14,30.6,60.9,0.1,194,SSW,0.0
2025-05-27T10:51:16.449038,30.3,54.9,1007.1,0.1,1075,37,87,13,16,30.7,60.5,0.1,206,SSW,0.0
2025-05-27T10:51:48.437465,30.4,54.7,1006.9,0.0,1075,37,91,13,16,30.6,60.4,0.1,243,WSW,0.0
2025-05-27T10:52:20.416038,30.4,54.8,1007.0,0.0,1075,37,90,12,14,30.7,60.3,0.1,197,SSW,0.0
2025-05-27T10:52:52.400594,30.3,54.7,1006.9,0.0,1067,36,73,13,16,30.6,60.4,0.1,208,SSW,0.0
2025-05-27T10:53:24.371399,30.3,54.5,1007.0,0.08,1060,37,87,11,13,30.6,60.4,0.1,311,NW,0.0
2025-05-27T10:53:56.357732,30.4,54.3,1007.0,0.1,1055,36,84,12,14,30.6,60.1,0.0,278,W,0.0
2025-05-27T10:54:28.316601,30.3,54.4,1007.0,0.0,1050,37,85,11,13,30.5,60.2,0.0,291,WNW,0.0
2025-05-27T10:55:00.304100,30.3,54.4,1006.9,0.0,1050,38,83,11,13,30.6,60.3,0.1,64,ENE,0.0
2025-05-27T10:55:32.285621,30.3,54.4,1007.0,0.08,1050,36,66,12,14,30.7,60.1,0.0,328,NNW,0.0
2025-05-27T10:56:04.261472,30.3,54.4,1006.8,0.0,1040,34,76,13,16,30.6,60.2,0.1,157,SSE,0.0
2025-05-27T10:56:36.239504,30.3,54.2,1007.0,0.0,1031,34,76,12,14,30.6,60.1,0.1,200,SSW,0.0
2025-05-27T10:57:08.218159,30.3,54.2,1006.8,0.0,1023,34,74,12,14,30.7,59.8,0.1,202,SSW,0.0
2025-05-27T10:57:40.196953,30.3,54.2,1006.8,0.08,1017,33,72,11,13,30.7,59.6,0.1,293,WNW,0.0
2025-05-27T10:58:12.181721,30.3,54.2,1006.8,0.08,1015,34,58,11,13,30.7,59.8,0.1,249,WSW,0.0
2025-05-27T10:58:44.160873,30.3,54.4,1006.9,0.0,1011,33,69,12,14,30.7,59.8,0.1,156,SSE,0.0
2025-05-27T10:59:16.150053,30.3,54.0,1006.8,0.0,1006,33,81,13,16,30.6,59.8,0.1,218,SW,0.0
2025-05-27T10:59:48.119331,30.3,54.2,1006.8,0.02,995,32,67,11,13,30.7,59.5,0.1,147,SSE,0.0
2025-05-27T11:00:20.105976,30.3,54.0,1006.9,0.0,983,32,79,12,14,30.7,59.4,0.1,298,WNW,0.0
2025-05-27T11:00:52.101876,30.3,53.9,1006.8,0.0,975,32,79,12,14,30.7,59.4,0.2,204,SSW,0.0
2025-05-27T11:01:24.086183,30.3,53.8,1006.8,0.0,982,32,78,12,14,30.7,59.1,0.2,187,S,0.0
2025-05-27T11:01:56.076247,30.3,53.6,1006.8,0.0,986,30,75,11,13,30.5,59.4,0.1,189,S,0.0
2025-05-27T11:02:28.048755,30.3,53.4,1006.8,0.0,993,30,51,11,13,30.6,59.1,0.1,221,SW,0.0
2025-05-27T11:03:00.036323,30.3,53.2,1006.8,0.02,985,32,64,12,14,30.6,59.1,0.1,297,WNW,0.0
2025-05-27T11:03:32.019653,30.3,53.3,1006.8,0.13,985,32,64,12,14,30.6,59.1,0.1,348,NNW,0.0
2025-05-27T11:04:03.992482,30.3,53.2,1006.8,0.0,990,32,65,11,13,30.7,58.7,0.1,77,ENE,0.0
2025-05-27T11:04:35.979292,30.3,53.1,1006.8,0.0,995,33,67,11,13,30.7,58.7,0.1,254,WSW,0.0
2025-05-27T11:05:07.955173,30.3,52.7,1006.8,0.02,995,32,56,11,13,30.7,58.5,0.1,254,WSW,0.0
2025-05-27T11:05:39.969013,30.3,52.7,1006.8,0.0,987,32,65,12,14,30.6,58.4,0.1,246,WSW,0.0
2025-05-27T11:06:11.933150,30.3,52.5,1006.8,0.05,986,33,66,11,13,30.6,58.4,0.1,302,WNW,0.0
2025-05-27T11:06:43.911465,30.3,52.5,1007.0,0.02,991,32,66,12,14,30.5,58.5,0.2,294,WNW,0.0
2025-05-27T11:07:15.895438,30.3,52.3,1006.8,0.0,996,32,68,12,14,30.5,58.5,0.1,284,WNW,0.0
2025-05-27T11:07:47.872573,30.2,52.3,1006.7,0.13,1000,32,55,12,14,30.5,58.5,0.1,136,SE,0.0
2025-05-27T11:08:19.865523,30.2,52.2,1006.8,0.05,986,32,68,11,13,30.5,58.4,0.2,231,SW,0.0
2025-05-27T11:08:51.835347,30.2,52.3,1006.8,0.13,986,32,68,11,13,30.5,58.4,0.1,265,W,0.0
2025-05-27T11:09:23.825989,30.3,52.3,1006.9,0.0,981,32,54,11,13,30.5,58.2,0.2,199,SSW,0.0
2025-05-27T11:09:55.805553,30.3,52.1,1006.8,0.16,985,32,79,11,13,30.5,58.1,0.1,282,WNW,0.0
2025-05-27T11:10:27.785995,30.3,52.1,1006.8,0.0,987,32,79,11,13,30.5,58.3,0.1,83,E,0.0
2025-05-27T11:10:59.772295,30.3,52.1,1006.8,0.0,996,32,77,12,14,30.4,58.6,0.1,192,SSW,0.0
2025-05-27T11:11:31.755477,30.3,52.1,1006.9,0.0,1002,32,79,11,13,30.6,58.1,0.1,69,ENE,0.0
2025-05-27T11:12:03.740243,30.3,52.3,1006.8,0.0,1009,32,66,13,16,30.6,58.5,0.1,158,SSE,0.0
2025-05-27T11:12:35.713075,30.3,52.8,1006.8,0.08,1010,32,77,12,14,30.5,59.0,0.2,307,NW,0.0
2025-05-27T11:13:07.682575,30.3,53.4,1006.8,0.0,995,32,65,11,13,30.6,59.1,0.1,256,WSW,0.0
2025-05-27T11:13:39.663431,30.3,53.7,1006.9,0.1,973,30,55,12,14,30.6,60.0,0.0,156,SSE,0.0
2025-05-27T11:14:11.653808,30.3,54.2,1006.8,0.0,946,30,43,12,14,30.7,59.9,0.0,134,SE,0.0
2025-05-27T11:14:43.631806,30.3,54.5,1006.9,0.1,931,29,42,12,14,30.6,60.1,0.1,219,SW,0.0
2025-05-27T11:15:15.619989,30.3,54.5,1006.9,0.0,931,29,43,13,16,30.6,60.4,0.2,289,WNW,0.0
2025-05-27T11:15:47.611319,30.3,54.5,1006.9,0.1,927,28,48,11,13,30.6,60.4,0.3,338,NNW,0.0
2025-05-27T11:16:19.587162,30.3,54.7,1006.8,0.0,917,28,46,12,14,30.6,60.7,0.2,226,SW,0.0
2025-05-27T11:16:51.578295,30.3,54.9,1006.8,0.0,900,26,43,13,16,30.6,60.6,0.2,239,WSW,0.0
2025-05-27T11:17:23.566689,30.3,55.3,1006.9,0.0,896,28,49,12,14,30.7,61.1,0.1,278,W,0.0
2025-05-27T11:17:55.542226,30.4,55.8,1007.0,0.05,897,28,46,14,17,30.7,61.7,0.1,120,ESE,0.0
2025-05-27T11:18:27.531919,30.4,56.2,1006.9,0.05,887,28,40,12,14,30.8,61.7,0.0,160,SSE,0.0
2025-05-27T11:18:59.494341,30.4,56.7,1007.0,0.08,873,28,47,12,14,30.7,62.5,0.0,200,SSW,0.0
2025-05-27T11:19:31.483886,30.4,57.0,1007.0,0.08,861,28,50,14,17,30.8,62.6,0.0,137,SE,0.0
2025-05-27T11:20:03.470326,30.5,57.5,1007.0,0.1,850,28,50,12,14,30.8,62.8,0.1,169,S,0.0
2025-05-27T11:20:35.458865,30.5,57.7,1007.0,0.0,836,28,63,13,16,30.8,63.2,0.1,228,SW,0.0
2025-05-27T11:21:07.456631,30.5,58.3,1007.0,0.0,832,28,44,13,16,30.9,63.7,0.1,333,NNW,0.0
2025-05-27T11:21:39.436944,30.5,58.7,1007.1,0.08,831,28,60,13,16,30.8,64.3,0.1,238,WSW,0.0
2025-05-27T11:22:11.421959,30.6,59.1,1007.1,0.0,842,29,62,12,14,30.9,64.4,0.2,204,SSW,0.0
2025-05-27T11:22:43.403416,30.6,59.1,1007.1,0.0,828,25,58,12,14,30.8,64.9,0.2,289,WNW,0.0
2025-05-27T11:23:15.379837,30.6,59.3,1007.1,0.02,822,25,55,14,17,30.8,65.0,0.3,276,W,0.0
2025-05-27T11:23:47.356994,30.6,59.3,1007.1,0.0,816,25,38,13,16,30.9,64.8,0.2,252,WSW,0.0
2025-05-27T11:24:19.349332,30.6,59.4,1007.0,0.13,811,24,40,13,16,31.0,64.6,0.1,213,SSW,0.0
2025-05-27T11:24:51.323734,30.6,59.4,1007.0,0.0,810,24,42,13,16,30.9,64.7,0.1,224,SW,0.0
2025-05-27T11:25:23.294497,30.6,59.3,1007.0,0.0,796,22,43,12,14,30.9,64.6,0.1,182,S,0.0
2025-05-27T11:25:55.250640,30.7,59.4,1007.1,0.02,786,22,42,14,17,31.0,64.5,0.1,277,W,0.0
2025-05-27T11:26:27.229770,30.7,59.7,1007.1,0.02,782,20,34,13,16,31.0,64.9,0.1,204,SSW,0.0
2025-05-27T11:26:59.217722,30.6,59.8,1007.0,0.0,769,20,39,13,16,30.9,64.8,0.0,289,WNW,0.0
2025-05-27T11:27:31.199681,30.6,59.5,1007.1,0.0,771,20,36,13,16,31.0,64.7,0.2,104,ESE,0.0
2025-05-27T11:28:03.187068,30.7,59.7,1007.0,0.02,765,20,35,14,17,31.0,64.8,0.2,306,NW,0.0
2025-05-27T11:28:35.152084,30.6,59.5,1007.0,0.02,766,20,38,13,16,30.9,64.8,0.2,270,W,0.0
2025-05-27T11:29:07.133608,30.6,60.0,1007.0,0.1,757,20,36,13,16,30.9,65.4,0.1,99,E,0.0
2025-05-27T11:29:39.111078,30.6,59.9,1006.9,0.0,737,18,35,13,16,30.9,65.1,0.0,228,SW,0.0
2025-05-27T11:30:11.087188,30.6,59.9,1006.9,0.0,727,18,34,14,17,30.9,64.8,0.1,315,NW,0.0
2025-05-27T11:30:43.069328,30.6,59.8,1006.9,0.1,722,18,29,13,16,30.9,64.9,0.1,207,SSW,0.0
2025-05-27T11:31:15.055352,30.6,59.7,1006.9,0.05,711,18,33,14,17,31.0,64.7,0.2,229,SW,0.0
2025-05-27T11:31:47.034409,30.6,59.5,1006.8,0.0,707,18,47,15,18,31.0,64.4,0.1,135,SE,0.0
2025-05-27T11:32:19.018223,30.6,59.8,1006.9,0.05,706,17,44,13,16,30.9,64.8,0.1,264,W,0.0
2025-05-27T11:32:50.991857,30.6,59.8,1006.9,0.0,702,17,45,12,14,30.9,64.7,0.1,199,SSW,0.0
2025-05-27T11:33:22.964157,30.6,59.4,1007.0,0.0,698,17,32,14,17,31.0,64.4,0.0,101,E,0.0
2025-05-27T11:33:54.942359,30.6,59.7,1007.0,0.0,697,17,44,14,17,30.9,64.6,0.1,231,SW,0.0
2025-05-27T11:34:26.909489,30.5,59.8,1006.8,0.0,686,16,43,12,14,30.9,64.6,0.1,247,WSW,0.0
2025-05-27T11:34:58.885255,30.6,59.7,1006.9,0.0,681,17,32,13,16,30.9,64.5,0.1,214,SW,0.0
2025-05-27T11:35:30.877146,30.5,59.8,1007.1,0.0,674,16,28,14,17,30.9,64.4,0.1,24,NNE,0.0
2025-05-27T11:36:02.866556,30.5,59.9,1006.9,0.0,678,18,30,13,16,30.9,64.8,0.1,115,ESE,0.0
2025-05-27T11:36:34.852488,30.5,60.3,1007.0,0.0,672,18,32,14,17,30.9,65.0,0.1,251,WSW,0.0
2025-05-27T11:37:06.838808,30.6,59.9,1007.0,0.18,667,17,32,11,13,30.9,64.9,0.1,175,S,0.0
2025-05-27T11:37:38.827138,30.5,60.0,1007.0,0.0,662,16,32,14,17,30.9,64.8,0.2,222,SW,0.0
2025-05-27T11:38:10.803090,30.6,59.8,1006.9,0.1,662,17,34,13,16,30.8,64.8,0.2,222,SW,0.0
2025-05-27T11:38:42.780437,30.5,59.7,1007.0,0.08,658,16,28,13,16,30.9,64.7,0.1,229,SW,0.0
2025-05-27T11:39:14.749621,30.5,60.2,1007.0,0.0,647,17,28,13,16,30.8,65.0,0.1,171,S,0.0
2025-05-27T11:39:46.737911,30.5,60.4,1007.0,0.0,653,16,29,13,16,30.8,65.4,0.2,179,S,0.0
2025-05-27T11:40:18.725782,30.6,60.4,1007.1,0.0,643,18,31,15,18,30.8,65.6,0.1,244,WSW,0.0
2025-05-27T11:40:50.693683,30.5,60.8,1007.1,0.0,643,16,30,14,17,30.8,65.9,0.2,330,NNW,0.0
2025-05-27T11:41:22.672309,30.5,60.4,1007.1,0.0,632,16,31,14,17,31.0,65.0,0.2,240,WSW,0.0
2025-05-27T11:41:54.661495,30.5,60.5,1007.0,0.0,622,16,26,15,18,30.9,65.2,0.2,69,ENE,0.0
2025-05-27T11:42:26.639218,30.6,60.6,1007.0,0.0,612,16,40,13,16,30.9,65.3,0.2,202,SSW,0.0
2025-05-27T11:42:58.616929,30.5,60.5,1007.2,0.02,602,16,28,14,17,30.9,65.2,0.2,238,WSW,0.0
2025-05-27T11:43:30.590833,30.6,60.4,1007.1,0.0,600,14,39,14,17,30.9,65.2,0.2,99,E,0.0
2025-05-27T11:44:02.569813,30.6,60.4,1007.2,0.0,602,13,34,13,16,30.9,65.3,0.2,154,SSE,0.0
2025-05-27T11:44:34.558128,30.6,60.2,1007.0,0.1,597,13,24,15,18,30.9,64.8,0.1,142,SE,0.0
2025-05-27T11:45:06.552363,30.6,59.8,1007.0,0.0,594,13,37,13,16,31.0,64.3,0.1,218,SW,0.0
2025-05-27T11:45:38.541926,30.6,59.4,1007.0,0.0,594,13,37,14,17,30.9,64.1,0.1,191,S,0.0
2025-05-27T11:46:10.532473,30.5,59.2,1007.0,0.0,597,13,31,14,17,30.9,64.0,0.1,208,SSW,0.0
2025-05-27T11:46:42.516217,30.5,58.9,1007.1,0.0,602,13,33,14,17,30.9,63.7,0.1,310,NW,0.0
2025-05-27T11:47:14.493169,30.5,58.8,1007.0,0.0,612,13,24,14,17,30.8,63.8,0.1,74,ENE,0.0
2025-05-27T11:47:46.449051,30.5,58.6,1007.0,0.0,608,14,38,11,13,30.8,63.7,0.0,43,NE,0.0
2025-05-27T11:48:18.428977,30.5,58.3,1007.1,0.08,618,14,41,13,16,30.9,63.3,0.1,255,WSW,0.0
2025-05-27T11:48:50.407877,30.5,58.2,1007.0,0.0,623,16,44,13,16,30.8,63.5,0.1,225,SW,0.0
2025-05-27T11:49:22.376077,30.5,58.2,1007.0,0.0,626,16,37,14,17,30.8,63.6,0.0,267,W,0.0
2025-05-27T11:49:54.345713,30.5,58.1,1007.0,0.1,633,16,38,13,16,30.8,63.2,0.2,272,W,0.0
2025-05-27T11:50:26.332250,30.5,58.0,1006.9,0.13,637,16,50,14,17,30.9,62.8,0.1,147,SSE,0.0
2025-05-27T11:50:58.306005,30.5,57.6,1007.1,0.13,642,16,50,13,16,30.8,62.7,0.2,281,W,0.0
2025-05-27T11:51:30.271635,30.5,57.5,1007.0,0.05,647,17,53,13,16,30.8,62.7,0.2,180,S,0.0
2025-05-27T11:52:02.248556,30.5,57.3,1007.0,0.13,644,17,48,12,14,30.8,62.5,0.2,198,SSW,0.0
2025-05-27T11:52:34.225976,30.5,56.9,1006.9,0.0,652,16,44,12,14,30.7,62.5,0.2,195,SSW,0.0
2025-05-27T11:53:06.202580,30.5,56.9,1007.0,0.0,652,16,61,12,14,30.8,62.1,0.1,82,E,0.0
2025-05-27T11:53:38.185219,30.5,56.5,1007.0,0.0,656,16,66,13,16,30.7,62.0,0.1,105,ESE,0.0
2025-05-27T11:54:10.185171,30.5,56.5,1007.0,0.05,652,16,56,12,14,30.8,61.6,0.1,138,SE,0.0
2025-05-27T11:54:42.171904,30.5,56.2,1006.9,0.0,662,17,67,14,17,30.7,61.5,0.1,240,WSW,0.0
2025-05-27T11:55:14.161204,30.4,56.0,1007.0,0.13,657,17,65,12,14,30.4,62.1,0.2,210,SSW,0.0
2025-05-27T11:55:46.145914,30.4,56.1,1006.9,0.08,670,17,67,13,16,30.6,61.9,0.2,256,WSW,0.0
2025-05-27T11:56:18.111803,30.4,56.2,1007.0,0.0,667,18,48,12,14,30.8,61.5,0.1,305,NW,0.0
2025-05-27T11:56:50.088376,30.4,56.1,1006.9,0.0,677,17,48,12,14,30.7,61.4,0.1,299,WNW,0.0
2025-05-27T11:57:22.073492,30.4,55.8,1006.8,0.08,677,17,55,14,17,30.7,61.2,0.2,184,S,0.0
2025-05-27T11:57:54.059001,30.4,55.6,1006.9,0.0,682,18,57,11,13,30.7,60.9,0.2,298,WNW,0.0
2025-05-27T11:58:26.045367,30.4,55.4,1007.0,0.0,682,18,57,12,14,30.7,60.9,0.1,285,WNW,0.0
2025-05-27T11:58:58.010253,30.4,55.3,1007.0,0.0,677,18,41,10,12,30.8,60.5,0.1,96,E,0.0
2025-05-27T11:59:29.988534,30.4,55.1,1006.9,0.0,679,18,58,11,13,30.8,60.5,0.1,226,SW,0.0
2025-05-27T12:00:01.978452,30.4,55.1,1007.0,0.0,676,17,60,12,14,30.7,60.5,0.1,223,SW,0.0
2025-05-27T12:00:33.953217,30.4,54.9,1007.0,0.1,683,18,60,12,14,30.7,60.4,0.1,211,SSW,0.0
2025-05-27T12:01:05.922631,30.4,54.5,1007.0,0.0,687,18,57,11,13,30.8,60.1,0.1,206,SSW,0.0
2025-05-27T12:01:37.898283,30.4,54.5,1007.0,0.1,682,18,45,12,14,30.8,59.9,0.2,160,SSE,0.0
2025-05-27T12:02:09.876418,30.4,54.3,1007.0,0.08,682,18,60,12,14,30.7,59.9,0.3,204,SSW,0.0
2025-05-27T12:02:41.851362,30.4,54.4,1007.0,0.0,682,18,62,12,14,30.7,59.9,0.2,218,SW,0.0
2025-05-27T12:03:13.840809,30.4,54.3,1007.0,0.0,691,18,43,13,16,30.6,60.0,0.2,168,SSE,0.0
2025-05-27T12:03:45.817884,30.4,54.4,1006.9,0.05,693,17,70,11,13,30.8,59.9,0.1,222,SW,0.0
2025-05-27T12:04:17.792857,30.4,54.8,1007.0,0.0,693,18,70,11,13,30.7,60.4,0.0,336,NNW,0.0
2025-05-27T12:04:49.784116,30.4,55.0,1007.1,0.0,680,20,72,11,13,30.7,60.7,0.2,28,NNE,0.0
2025-05-27T12:05:21.768921,30.4,55.3,1007.0,0.0,672,20,69,12,14,30.8,60.9,0.2,179,S,0.0
2025-05-27T12:05:53.738159,30.4,55.1,1007.2,0.0,668,18,51,13,16,30.7,60.8,0.1,261,W,0.0
2025-05-27T12:06:25.703677,30.4,55.3,1007.1,0.0,672,18,57,12,14,30.7,60.8,0.0,250,WSW,0.0
2025-05-27T12:06:57.692485,30.4,55.4,1007.0,0.0,681,18,53,13,16,30.7,61.0,0.2,191,S,0.0
2025-05-27T12:07:29.671053,30.4,55.3,1007.0,0.0,691,18,54,13,16,30.8,60.8,0.1,69,ENE,0.0
2025-05-27T12:08:01.652371,30.4,55.3,1007.0,0.0,701,18,54,12,14,30.8,60.7,0.0,287,WNW,0.0
2025-05-27T12:08:33.630608,30.4,55.4,1007.0,0.0,712,18,44,13,16,30.8,60.9,0.0,166,SSE,0.0
2025-05-27T12:09:05.603482,30.4,55.5,1007.0,0.0,718,18,57,13,16,30.8,60.9,0.1,155,SSE,0.0
2025-05-27T12:09:37.591850,30.4,55.6,1007.0,0.08,718,18,57,13,16,30.8,61.2,0.1,283,WNW,0.0
2025-05-27T12:10:09.578339,30.5,56.0,1007.2,0.0,716,18,57,13,16,30.8,61.5,0.1,81,E,0.0
2025-05-27T12:10:41.558044,30.5,56.1,1007.1,0.0,722,18,56,11,13,30.8,61.4,0.0,267,W,0.0
2025-05-27T12:11:13.534489,30.5,56.4,1007.1,0.0,732,18,55,12,14,30.8,61.6,0.1,326,NW,0.0
2025-05-27T12:11:45.513794,30.5,56.4,1007.2,0.0,736,18,55,12,14,30.9,61.7,0.2,192,SSW,0.0
2025-05-27T12:12:17.503073,30.5,56.9,1007.1,0.13,742,18,55,12,14,30.9,62.1,0.2,14,NNE,0.0
2025-05-27T12:12:49.469745,30.5,57.1,1007.2,0.05,731,18,41,12,14,30.8,62.3,0.2,232,SW,0.0
2025-05-27T12:13:21.430731,30.5,57.2,1007.1,0.0,738,18,54,13,16,30.9,62.4,0.3,282,WNW,0.0
2025-05-27T12:13:53.409467,30.5,57.2,1007.2,0.0,737,17,62,14,17,30.9,62.6,0.2,279,W,0.0
2025-05-27T12:14:25.397088,30.5,57.5,1007.2,0.08,742,17,63,13,16,30.8,62.6,0.3,241,WSW,0.0
2025-05-27T12:14:57.366018,30.5,57.6,1007.1,0.02,742,17,62,13,16,30.9,62.9,0.2,275,W,0.0
2025-05-27T12:15:29.347322,30.5,57.8,1007.1,0.0,736,17,47,13,16,30.9,63.0,0.2,194,SSW,0.0
2025-05-27T12:16:01.328165,30.5,57.8,1007.3,0.16,730,16,57,13,16,30.9,63.0,0.3,343,NNW,0.0
2025-05-27T12:16:33.306704,30.5,57.8,1007.2,0.05,721,16,56,13,16,30.9,62.9,0.2,179,S,0.0
2025-05-27T12:17:05.287566,30.5,58.2,1007.2,0.1,721,16,50,13,16,30.9,63.4,0.1,275,W,0.0
2025-05-27T12:17:37.269060,30.5,58.4,1007.2,0.08,722,16,40,14,17,31.0,63.3,0.2,243,WSW,0.0
2025-05-27T12:18:09.240874,30.5,58.2,1007.2,0.02,728,16,27,13,16,30.9,63.0,0.2,195,SSW,0.0
2025-05-27T12:18:41.232559,30.5,58.1,1007.1,0.0,716,13,39,14,17,30.9,63.0,0.2,236,SW,0.0
2025-05-27T12:19:13.210730,30.5,58.0,1007.1,0.0,712,16,38,13,16,30.7,63.3,0.3,233,SW,0.0
2025-05-27T12:19:45.190320,30.5,58.0,1007.1,0.0,708,16,32,13,16,30.6,63.7,0.2,84,E,0.0
2025-05-27T12:20:17.178965,30.5,58.2,1007.0,0.0,704,16,42,13,16,30.7,63.6,0.2,176,S,0.0
2025-05-27T12:20:49.164720,30.5,58.4,1007.1,0.02,711,16,44,14,17,30.7,63.9,0.2,182,S,0.0
2025-05-27T12:21:21.142437,30.5,58.8,1007.2,0.0,721,17,47,14,17,30.9,64.0,0.2,201,SSW,0.0
2025-05-27T12:21:53.122318,30.5,59.1,1007.1,0.0,732,18,52,13,16,30.9,64.0,0.3,176,S,0.0
2025-05-27T12:22:25.109111,30.6,59.4,1007.2,0.0,741,18,42,14,17,30.9,64.5,0.3,163,SSE,0.0
2025-05-27T12:22:57.100706,30.6,59.7,1007.3,0.08,746,18,55,13,16,30.8,64.9,0.3,261,W,0.0
2025-05-27T12:23:29.084925,30.6,59.9,1007.1,0.0,752,18,58,13,16,30.9,65.1,0.2,281,W,0.0
2025-05-27T12:24:01.056209,30.6,60.3,1007.1,0.13,759,20,64,14,17,31.0,65.1,0.3,274,W,0.0
2025-05-27T12:24:33.033743,30.6,60.4,1007.1,0.0,766,18,77,14,17,31.1,65.1,0.2,290,WNW,0.0
2025-05-27T12:25:05.012461,30.7,60.5,1007.2,0.0,762,18,68,12,14,31.1,65.2,0.2,118,ESE,0.0
2025-05-27T12:25:37.001229,30.7,60.6,1007.1,0.08,763,20,85,14,17,31.0,65.6,0.2,220,SW,0.0
2025-05-27T12:26:08.988205,30.7,60.5,1007.2,0.08,777,18,87,14,17,31.1,65.3,0.2,128,SE,0.0
2025-05-27T12:26:40.972610,30.7,60.4,1007.1,0.0,803,18,90,13,16,31.1,65.1,0.2,164,SSE,0.0
2025-05-27T12:27:12.960297,30.7,60.4,1007.2,0.13,823,18,90,13,16,31.1,65.1,0.1,111,ESE,0.0
2025-05-27T12:27:44.940312,30.7,60.2,1007.1,0.02,826,17,68,14,17,31.0,65.1,0.1,48,NE,0.0
2025-05-27T12:28:16.917700,30.7,59.7,1007.2,0.08,821,18,80,13,16,30.9,64.9,0.2,197,SSW,0.0
2025-05-27T12:28:48.892879,30.7,59.5,1007.1,0.0,827,16,78,14,17,31.0,64.7,0.2,230,SW,0.0
2025-05-27T12:29:20.881874,30.7,59.3,1007.2,0.0,832,16,68,13,16,31.0,64.3,0.2,64,ENE,0.0
2025-05-27T12:29:52.870177,30.7,59.1,1007.1,0.0,830,16,79,13,16,30.9,64.4,0.2,174,S,0.0
2025-05-27T12:30:24.856946,30.7,59.1,1007.1,0.0,837,18,83,12,14,30.9,64.3,0.1,255,WSW,0.0
2025-05-27T12:30:56.834952,30.7,58.9,1007.1,0.0,832,16,81,14,17,31.0,63.9,0.1,260,W,0.0
2025-05-27T12:31:28.823320,30.6,58.9,1007.2,0.0,832,16,81,13,16,31.0,63.8,0.2,219,SW,0.0
2025-05-27T12:32:00.811139,30.6,58.7,1007.2,0.0,836,17,72,13,16,31.0,63.6,0.1,161,SSE,0.0
2025-05-27T12:32:32.794075,30.6,58.8,1007.2,0.0,852,16,82,13,16,31.0,63.7,0.2,213,SSW,0.0
2025-05-27T12:33:04.772789,30.6,58.6,1007.2,0.0,850,16,82,14,17,30.9,63.6,0.1,297,WNW,0.0
2025-05-27T12:33:36.760952,30.6,58.9,1007.2,0.02,852,18,83,14,17,30.9,64.4,0.2,248,WSW,0.0
2025-05-27T12:34:08.738233,30.6,59.3,1007.1,0.0,846,17,80,12,14,31.0,64.3,0.1,147,SSE,0.0
2025-05-27T12:34:40.729644,30.6,59.3,1007.1,0.02,841,16,69,12,14,31.1,63.9,0.2,202,SSW,0.0
2025-05-27T12:35:12.714939,30.6,59.1,1007.1,0.0,816,16,84,14,17,30.9,64.2,0.2,352,N,0.0
2025-05-27T12:35:44.698129,30.6,59.3,1007.2,0.0,812,16,85,14,17,31.0,64.2,0.1,209,SSW,0.0
2025-05-27T12:36:16.684234,30.7,59.3,1007.2,0.0,807,16,70,14,17,30.9,64.2,0.1,1,N,0.0
2025-05-27T12:36:48.650659,30.7,58.7,1007.3,0.0,801,16,80,13,16,31.1,64.0,0.1,324,NW,0.0
2025-05-27T12:37:20.630344,30.7,58.9,1007.2,0.13,791,16,80,13,16,31.0,63.8,0.2,116,ESE,0.0
2025-05-27T12:37:52.609621,30.6,58.8,1007.1,0.0,782,13,80,13,16,31.0,63.7,0.1,156,SSE,0.0
2025-05-27T12:38:24.585786,30.6,58.7,1007.3,0.0,796,14,79,13,16,31.0,63.6,0.1,269,W,0.0
2025-05-27T12:38:56.573937,30.6,58.6,1007.2,0.1,806,14,58,14,17,30.8,63.5,0.1,169,S,0.0
2025-05-27T12:39:28.553268,30.6,58.3,1007.1,0.0,811,16,70,11,13,30.9,63.6,0.2,173,S,0.0
2025-05-27T12:40:00.521439,30.6,58.3,1007.1,0.0,812,16,72,13,16,30.8,63.6,0.2,207,SSW,0.0
2025-05-27T12:40:32.502906,30.6,58.3,1007.1,0.0,816,16,73,14,17,30.9,63.3,0.1,132,SE,0.0
2025-05-27T12:41:04.489787,30.6,58.3,1007.2,0.0,817,16,72,13,16,30.9,63.3,3.0,265,W,0.0
2025-05-27T12:41:36.462315,30.6,58.1,1007.2,0.0,826,16,64,12,14,30.9,63.2,1.3,47,NE,0.0
2025-05-27T12:42:08.446821,30.6,58.1,1007.0,0.13,830,16,76,13,16,30.8,63.3,0.5,295,WNW,0.0
2025-05-27T12:42:40.439083,30.6,57.7,1007.1,0.0,831,16,77,14,17,30.8,63.0,0.3,37,NE,0.0
2025-05-27T12:43:12.417159,30.6,58.0,1007.1,0.0,836,16,79,14,17,30.9,63.0,0.2,198,SSW,0.0
2025-05-27T12:43:44.408743,30.6,58.3,1007.1,0.13,842,16,60,14,17,31.0,63.3,0.1,224,SW,0.0
2025-05-27T12:44:16.386757,30.5,58.7,1007.0,0.0,842,16,68,13,16,31.0,63.3,0.2,240,WSW,0.0
2025-05-27T12:44:48.371716,30.6,58.6,1007.0,0.0,842,17,78,14,17,31.0,63.5,0.1,269,W,0.0
2025-05-27T12:45:20.360329,30.6,58.6,1007.0,0.1,836,16,78,14,17,31.0,63.5,0.2,234,SW,0.0
2025-05-27T12:45:52.349424,30.6,58.6,1007.1,0.05,832,16,87,13,16,30.8,63.8,0.3,206,SSW,0.0
2025-05-27T12:46:24.333913,30.6,58.3,1007.0,0.0,836,16,71,14,17,30.8,63.5,0.2,181,S,0.0
2025-05-27T12:46:56.322666,30.6,58.1,1006.9,0.08,841,16,93,14,17,30.9,63.3,0.2,330,NNW,0.0
2025-05-27T12:47:28.311448,30.6,57.6,1006.9,0.0,837,16,95,12,14,30.9,62.8,0.2,278,W,0.0
2025-05-27T12:48:00.299386,30.6,57.8,1006.9,0.13,832,16,74,13,16,30.8,62.8,0.3,190,S,0.0
2025-05-27T12:48:32.268761,30.6,57.5,1007.0,0.0,843,14,86,13,16,30.9,62.4,0.2,228,SW,0.0
2025-05-27T12:49:04.247045,30.5,57.5,1006.9,0.0,855,16,88,13,16,30.9,62.6,0.1,197,SSW,0.0
2025-05-27T12:49:36.224345,30.5,57.5,1006.8,0.0,871,16,88,13,16,30.9,62.5,0.2,246,WSW,0.0
2025-05-27T12:50:08.191667,30.5,57.3,1006.9,0.0,881,16,88,13,16,30.9,62.7,0.1,205,SSW,0.0
2025-05-27T12:50:40.171931,30.5,57.6,1006.9,0.1,882,16,71,14,17,30.9,62.5,0.1,269,W,0.0
2025-05-27T12:51:12.140589,30.5,57.6,1006.9,0.05,876,16,88,12,14,31.0,62.5,0.1,165,SSE,0.0
2025-05-27T12:51:44.126272,30.5,57.5,1006.8,0.0,877,16,90,15,18,30.9,62.3,0.2,300,WNW,0.0
2025-05-27T12:52:16.105771,30.5,57.1,1006.9,0.1,877,16,90,14,17,30.8,62.2,0.2,164,SSE,0.0
2025-05-27T12:52:48.082920,30.5,56.7,1006.8,0.0,876,16,91,13,16,30.9,61.9,0.2,230,SW,0.0
2025-05-27T12:53:20.062431,30.5,56.7,1006.9,0.0,881,16,76,13,16,30.9,61.7,0.1,276,W,0.0
2025-05-27T12:53:52.062607,30.5,56.9,1006.8,0.0,878,16,87,13,16,30.7,62.4,0.2,233,SW,0.0
2025-05-27T12:54:24.049066,30.5,56.6,1006.8,0.0,865,14,86,14,17,30.8,62.0,0.2,213,SSW,0.0
2025-05-27T12:54:56.024511,30.5,56.4,1006.9,0.13,857,14,72,12,14,30.7,61.9,0.2,228,SW,0.0
2025-05-27T12:55:27.997949,30.5,56.4,1006.9,0.05,854,16,87,11,13,30.8,61.4,0.2,146,SE,0.0
2025-05-27T12:55:59.948391,30.5,56.0,1006.9,0.0,860,14,85,13,16,30.8,61.3,0.2,174,S,0.0
2025-05-27T12:56:31.936342,30.5,56.0,1007.0,0.0,872,14,100,13,16,30.8,61.0,0.2,301,WNW,0.0
2025-05-27T12:57:03.925637,30.5,55.8,1006.9,0.05,867,16,97,13,16,30.8,61.0,0.2,230,SW,0.0
2025-05-27T12:57:35.912770,30.5,55.5,1006.9,0.0,867,16,88,12,14,30.9,60.8,0.2,220,SW,0.0
2025-05-27T12:58:07.882439,30.5,55.4,1006.9,0.05,862,16,100,12,14,30.9,60.6,0.1,246,WSW,0.0
2025-05-27T12:58:39.864568,30.5,55.1,1007.0,0.1,862,16,99,12,14,30.8,60.7,0.2,220,SW,0.0
2025-05-27T12:59:11.851520,30.5,55.1,1006.9,0.0,866,16,98,13,16,30.7,60.9,0.2,266,W,0.0
2025-05-27T12:59:43.831694,30.5,54.8,1006.9,0.0,872,16,86,12,14,30.6,60.4,0.2,204,SSW,0.0
2025-05-27T13:00:15.811956,30.4,54.9,1006.9,0.0,871,16,75,12,14,30.6,60.6,0.2,57,ENE,0.0
2025-05-27T13:00:47.801288,30.4,54.9,1006.9,0.0,866,17,85,13,16,30.6,60.5,0.1,205,SSW,0.0
2025-05-27T13:01:19.793657,30.4,55.4,1006.9,0.0,855,18,84,13,16,30.7,61.1,0.2,246,WSW,0.0
2025-05-27T13:01:51.766129,30.4,55.6,1006.8,0.0,851,17,79,14,17,30.6,61.2,0.1,176,S,0.0
2025-05-27T13:02:23.745088,30.4,55.4,1006.8,0.08,840,16,74,11,13,30.5,61.6,0.2,181,S,0.0
2025-05-27T13:02:55.706339,30.5,55.9,1006.9,0.02,841,17,64,12,14,30.6,61.9,0.3,291,WNW,0.0
2025-05-27T13:03:27.674585,30.4,55.9,1006.9,0.0,832,16,69,12,14,30.6,61.7,0.2,241,WSW,0.0
2025-05-27T13:03:59.656350,30.4,55.9,1006.8,0.0,827,17,69,12,14,30.7,61.6,0.2,296,WNW,0.0
2025-05-27T13:04:31.635501,30.4,56.2,1006.8,0.0,816,16,64,13,16,30.8,61.7,0.3,229,SW,0.0
2025-05-27T13:05:03.605488,30.4,56.4,1006.8,0.0,807,17,61,13,16,30.5,62.4,0.4,282,WNW,0.0
2025-05-27T13:05:35.594087,30.4,56.4,1006.8,0.0,807,16,58,14,17,30.6,62.5,0.3,188,S,0.0
2025-05-27T13:06:07.574736,30.4,56.6,1006.9,0.05,798,16,58,13,16,30.6,62.3,0.2,225,SW,0.0
2025-05-27T13:06:39.544366,30.4,56.5,1006.8,0.16,793,16,53,13,16,30.7,61.8,0.2,36,NE,0.0
2025-05-27T13:07:11.531318,30.4,56.4,1006.9,0.0,792,14,67,15,18,30.7,61.7,0.2,272,W,0.0
2025-05-27T13:07:43.511053,30.4,55.9,1006.8,0.05,791,14,67,13,16,30.7,61.5,0.2,224,SW,0.0
2025-05-27T13:08:15.488995,30.4,56.0,1006.9,0.0,782,14,67,12,14,30.6,61.7,0.2,166,SSE,0.0
2025-05-27T13:08:47.458149,30.4,56.0,1006.8,0.0,786,16,70,12,14,30.7,61.7,0.3,284,WNW,0.0
2025-05-27T13:09:19.451138,30.4,55.9,1006.8,0.0,776,14,54,14,17,30.7,61.4,0.2,220,SW,0.0
2025-05-27T13:09:51.416607,30.4,55.8,1006.7,0.08,778,13,56,13,16,30.7,61.1,0.2,216,SW,0.0
2025-05-27T13:10:23.369049,30.4,55.5,1006.8,0.0,772,14,56,12,14,30.7,61.0,0.1,4,N,0.0
2025-05-27T13:10:55.357394,30.4,55.3,1006.7,0.13,781,13,56,13,16,30.8,60.6,0.2,189,S,0.0
2025-05-27T13:11:27.345939,30.4,54.8,1006.7,0.0,786,13,55,11,13,30.7,60.4,0.2,156,SSE,0.0
2025-05-27T13:11:59.326634,30.4,54.8,1006.7,0.1,786,13,42,14,17,30.8,60.3,0.2,289,WNW,0.0
2025-05-27T13:12:31.318009,30.4,54.8,1006.7,0.0,790,13,57,10,12,30.7,60.2,0.1,214,SW,0.0
2025-05-27T13:13:03.307408,30.4,54.7,1006.6,0.02,784,13,57,13,16,30.8,59.9,0.1,131,SE,0.0
2025-05-27T13:13:35.296308,30.4,54.5,1006.6,0.0,777,13,44,13,16,30.8,59.7,0.1,120,ESE,0.0
2025-05-27T13:14:07.284165,30.4,54.3,1006.6,0.13,766,14,58,13,16,30.8,59.6,0.2,235,SW,0.0
2025-05-27T13:14:39.273648,30.4,54.0,1006.6,0.16,761,14,56,11,13,30.8,59.6,0.1,236,SW,0.0
2025-05-27T13:15:11.249812,30.4,53.7,1006.6,0.1,762,14,54,12,14,30.7,59.6,0.2,216,SW,0.0
2025-05-27T13:15:43.229494,30.4,53.6,1006.5,0.0,772,13,53,14,17,30.6,59.4,0.2,212,SSW,0.0
2025-05-27T13:16:15.216378,30.4,53.3,1006.7,0.05,772,13,46,14,17,30.6,59.4,0.2,7,N,0.0
2025-05-27T13:16:47.197434,30.4,53.3,1006.6,0.0,768,14,63,12,14,30.7,59.0,0.2,161,SSE,0.0
2025-05-27T13:17:19.175619,30.4,53.2,1006.7,0.08,769,14,62,13,16,30.6,59.2,0.1,204,SSW,0.0
2025-05-27T13:17:51.159999,30.3,52.9,1006.5,0.0,762,13,61,11,13,30.6,59.0,0.1,211,SSW,0.0
2025-05-27T13:18:23.150006,30.4,52.8,1006.5,0.13,761,13,61,12,14,30.7,58.5,0.2,214,SW,0.0
2025-05-27T13:18:55.131716,30.4,52.6,1006.4,0.0,756,16,52,12,14,30.6,58.8,0.3,311,NW,0.0
2025-05-27T13:19:27.120749,30.3,52.6,1006.5,0.0,756,16,63,12,14,30.6,58.8,0.3,48,NE,0.0
2025-05-27T13:19:59.091797,30.4,52.3,1006.4,0.05,762,14,48,13,16,30.6,58.5,0.3,189,S,0.0
2025-05-27T13:20:31.084905,30.3,52.2,1006.5,0.0,761,16,50,11,13,30.7,58.3,0.2,277,W,0.0
2025-05-27T13:21:03.070213,30.3,52.2,1006.5,0.0,756,14,48,13,16,30.7,58.0,0.1,329,NNW,0.0
2025-05-27T13:21:35.051759,30.3,51.8,1006.6,0.0,752,16,40,12,14,30.7,57.8,0.1,99,E,0.0
2025-05-27T13:22:07.020061,30.3,51.6,1006.4,0.0,752,14,48,13,16,30.6,57.8,0.2,218,SW,0.0
2025-05-27T13:22:39.009064,30.3,51.5,1006.4,0.13,755,14,37,13,16,30.7,57.4,0.2,326,NW,0.0
2025-05-27T13:23:10.986674,30.3,51.5,1006.3,0.0,751,16,38,11,13,30.6,57.8,0.3,242,WSW,0.0
2025-05-27T13:23:42.964982,30.3,51.7,1006.3,0.0,747,16,47,11,13,30.6,57.7,0.3,247,WSW,0.0
2025-05-27T13:24:14.931492,30.3,52.0,1006.3,0.0,747,16,46,12,14,30.5,58.3,0.3,258,WSW,0.0
2025-05-27T13:24:46.892191,30.3,52.2,1006.4,0.0,750,17,47,12,14,30.5,58.8,0.3,282,WNW,0.0
2025-05-27T13:25:18.876624,30.3,52.9,1006.4,0.0,752,18,31,12,14,30.6,59.1,0.3,165,SSE,0.0
2025-05-27T13:25:50.862947,30.3,53.4,1006.4,0.13,749,18,49,14,17,30.7,59.2,0.2,226,SW,0.0
2025-05-27T13:26:22.848103,30.3,53.7,1006.4,0.02,751,18,50,12,14,30.7,59.5,0.1,250,WSW,0.0
2025-05-27T13:26:54.840748,30.3,54.2,1006.4,0.13,746,20,62,12,14,30.6,60.0,0.2,241,WSW,0.0
2025-05-27T13:27:26.818224,30.4,54.7,1006.3,0.1,749,18,65,13,16,30.7,60.3,0.1,128,SE,0.0
2025-05-27T13:27:58.797703,30.4,55.0,1006.4,0.13,747,20,52,13,16,30.7,60.7,0.1,264,W,0.0
2025-05-27T13:28:30.774365,30.4,55.3,1006.4,0.08,746,20,69,13,16,30.8,60.8,0.1,244,WSW,0.0
2025-05-27T13:29:02.755576,30.4,55.3,1006.4,0.0,757,20,69,14,17,30.8,61.0,0.1,236,SW,0.0
2025-05-27T13:29:34.731984,30.5,55.4,1006.5,0.0,761,18,68,14,17,30.8,61.1,0.1,198,SSW,0.0
2025-05-27T13:30:06.711294,30.5,55.3,1006.4,0.0,761,18,68,13,16,30.9,60.8,0.2,119,ESE,0.0
2025-05-27T13:30:38.679184,30.5,55.1,1006.5,0.08,762,18,44,13,16,30.9,60.8,0.1,156,SSE,0.0
2025-05-27T13:31:10.654525,30.5,55.0,1006.4,0.13,763,18,56,11,13,30.7,60.9,0.1,230,SW,0.0
2025-05-27T13:31:42.636571,30.6,54.8,1006.4,0.1,756,18,55,12,14,30.7,60.7,0.2,248,WSW,0.0
2025-05-27T13:32:14.623636,30.6,54.4,1006.3,0.0,757,16,42,13,16,30.8,60.4,0.2,140,SE,0.0
2025-05-27T13:32:46.611631,30.6,54.4,1006.5,0.0,757,16,54,13,16,31.0,60.0,0.2,207,SSW,0.0
2025-05-27T13:33:18.599652,30.5,54.3,1006.5,0.02,757,16,52,14,17,30.9,60.0,0.2,215,SW,0.0
2025-05-27T13:33:50.587130,30.5,54.7,1006.4,0.0,752,17,52,12,14,30.9,60.4,0.1,49,NE,0.0
2025-05-27T13:34:22.580372,30.5,55.0,1006.4,0.0,752,16,49,13,16,30.8,61.0,0.2,270,W,0.0
2025-05-27T13:34:54.558680,30.5,55.0,1006.3,0.08,751,16,39,14,17,30.9,60.7,0.1,273,W,0.0
2025-05-27T13:35:26.543321,30.5,54.8,1006.3,0.0,752,16,52,13,16,30.9,60.6,0.1,209,SSW,0.0
2025-05-27T13:35:58.532889,30.5,54.8,1006.3,0.0,752,14,50,14,17,31.0,60.3,0.2,234,SW,0.0
2025-05-27T13:36:30.517905,30.5,54.8,1006.3,0.08,757,16,49,13,16,30.9,60.6,0.2,270,W,0.0
2025-05-27T13:37:02.506737,30.5,54.8,1006.3,0.1,758,16,48,13,16,30.7,60.7,0.3,283,WNW,0.0
2025-05-27T13:37:34.494772,30.5,54.4,1006.3,0.02,752,16,35,14,17,30.6,60.7,0.3,271,W,0.0
2025-05-27T13:38:06.477185,30.5,54.4,1006.4,0.0,757,16,48,13,16,30.7,60.4,0.3,177,S,0.0
2025-05-27T13:38:38.451325,30.5,54.3,1006.3,0.0,752,14,60,13,16,30.8,60.0,0.2,197,SSW,0.0
2025-05-27T13:39:10.427278,30.5,53.8,1006.3,0.13,756,13,60,13,16,30.9,59.5,0.1,170,S,0.0
2025-05-27T13:39:42.417418,30.5,53.9,1006.2,0.02,761,16,63,11,13,30.8,59.6,0.1,231,SW,0.0
                                                                                          2025-05-27T13:49:11.597790,30.4,52.8,1006.1,0.16,772,16,60,12,14,30.7,58.7,0.2,226,SW,0.0
2025-05-27T16:12:13.672443,30.6,55.0,1004.4,0.0,593,16,40,13,16,30.9,60.8,0.2,244,WSW,0.0
2025-05-27T16:12:45.651614,30.5,54.9,1004.3,0.0,594,17,34,15,18,30.8,60.7,0.2,241,WSW,0.0
2025-05-27T16:13:17.618711,30.5,54.7,1004.4,0.0,594,16,43,12,14,30.9,60.5,0.2,191,S,0.0
2025-05-27T16:13:49.591646,30.5,54.7,1004.4,0.02,597,18,52,12,14,30.8,60.5,0.2,193,SSW,0.0
2025-05-27T16:14:21.543712,30.5,54.5,1004.4,0.1,595,18,52,12,14,30.9,60.4,0.2,258,WSW,0.0
2025-05-27T16:14:53.530029,30.5,54.4,1004.4,0.0,603,17,59,12,14,30.9,60.3,0.2,275,W,0.0
2025-05-27T16:15:25.507392,30.5,54.3,1004.5,0.0,603,18,63,13,16,30.7,60.3,0.2,312,NW,0.0
2025-05-27T16:15:57.487151,30.5,54.0,1004.4,0.05,607,18,66,13,16,30.9,59.8,0.1,249,WSW,0.0
                                                                                         2025-05-27T22:30:54.659757,29.7,47.5,1006.2,0.08,569,32,45,9,11,29.6,55.1,0.2,225,SW,0.0
2025-05-27T22:31:26.614261,29.7,47.7,1006.2,0.0,548,32,46,10,12,29.6,55.4,0.2,230,SW,0.0
2025-05-27T22:51:33.506247,29.8,48.3,1006.2,0.0,588,33,57,12,14,29.6,56.2,0.1,234,SW,0.0
2025-05-27T22:52:05.477004,29.8,48.5,1006.2,0.0,591,32,71,11,13,29.9,55.9,0.2,240,WSW,0.0
2025-05-27T22:52:37.446415,29.8,48.7,1006.2,0.02,592,32,76,10,12,29.8,56.1,0.2,235,SW,0.0
2025-05-27T22:53:09.407593,29.8,48.6,1006.2,0.0,598,32,78,10,12,29.9,55.9,0.2,216,SW,0.0
2025-05-27T22:53:41.382205,29.8,48.6,1006.2,0.0,596,32,80,11,13,30.0,55.8,0.2,242,WSW,0.0
2025-05-27T22:54:13.369675,29.8,48.5,1006.2,0.02,594,32,57,11,13,29.8,55.9,0.3,293,WNW,0.0
2025-05-27T22:54:45.330816,29.8,48.3,1006.3,0.0,592,32,69,11,13,29.8,56.0,0.2,166,SSE,0.0
2025-05-27T22:55:17.294135,29.8,48.2,1006.2,0.0,599,30,70,11,13,29.9,55.5,0.2,296,WNW,0.0
2025-05-27T22:55:49.282240,29.8,48.0,1006.2,0.05,608,30,70,9,11,29.7,55.9,0.2,203,SSW,0.0
2025-05-27T22:56:21.242261,29.8,48.0,1006.2,0.0,608,29,70,10,12,30.0,55.1,0.1,307,NW,0.0
2025-05-27T22:56:53.208691,29.8,47.7,1006.1,0.0,612,30,59,11,13,29.8,55.3,0.2,282,WNW,0.0
2025-05-27T22:57:25.170279,29.8,47.7,1006.1,0.0,613,30,71,11,13,29.6,55.5,0.3,287,WNW,0.0
2025-05-27T22:57:57.149196,29.8,47.5,1006.2,0.02,618,32,73,10,12,29.3,55.6,0.4,271,W,0.0
2025-05-27T22:58:29.102591,29.8,47.5,1006.2,0.02,619,33,76,11,13,29.3,56.0,0.5,247,WSW,0.0
2025-05-27T22:59:01.081739,29.8,47.5,1006.1,0.0,629,32,75,11,13,29.4,55.6,0.3,288,WNW,0.0
2025-05-27T22:59:33.075444,29.8,47.6,1006.1,0.0,637,32,63,11,13,29.6,55.6,0.2,268,W,0.0
2025-05-27T23:00:05.050510,29.7,47.7,1006.1,0.05,643,32,78,10,12,29.6,55.4,0.1,274,W,0.0
2025-05-27T23:00:37.017897,29.8,47.9,1006.1,0.0,639,32,81,9,11,29.6,55.7,0.1,253,WSW,0.0
2025-05-27T23:01:08.985683,29.8,48.1,1006.1,0.0,641,33,69,11,13,29.6,56.0,0.2,252,WSW,0.0
2025-05-27T23:01:40.953267,29.8,48.2,1006.1,0.0,649,32,82,11,13,29.8,55.8,0.2,304,NW,0.0
2025-05-27T23:02:12.932789,29.8,48.1,1006.1,0.0,647,32,95,11,13,29.8,55.8,0.1,304,NW,0.0
2025-05-27T23:02:44.898208,29.9,48.0,1006.1,0.0,652,32,98,10,12,29.7,55.6,0.1,304,NW,0.0
2025-05-27T23:03:16.873121,29.9,48.0,1006.1,0.02,647,32,101,10,12,29.8,55.6,0.1,257,WSW,0.0
2025-05-27T23:03:48.849245,29.9,47.8,1006.1,0.0,647,30,83,11,13,29.8,55.4,0.1,252,WSW,0.0
2025-05-27T23:04:20.808681,29.9,47.8,1006.0,0.08,646,30,99,10,12,29.8,55.4,0.2,277,W,0.0
2025-05-27T23:04:52.778288,29.9,47.6,1006.1,0.0,647,30,100,9,11,29.8,55.1,0.2,225,SW,0.0
2025-05-27T23:05:24.742547,29.9,47.3,1006.1,0.0,651,30,101,10,12,29.7,55.2,0.1,260,W,0.0
2025-05-27T23:05:56.706252,29.9,47.4,1006.0,0.1,657,30,93,9,11,29.7,55.1,0.2,302,WNW,0.0
2025-05-27T23:06:28.686529,29.8,47.1,1006.0,0.02,658,30,71,11,13,29.7,54.9,0.2,220,SW,0.0
2025-05-27T23:07:00.674540,29.8,47.1,1005.9,0.0,662,29,87,10,12,29.8,54.6,0.2,287,WNW,0.0
2025-05-27T23:07:32.640120,29.8,47.1,1005.8,0.0,663,32,94,10,12,29.7,55.0,0.3,292,WNW,0.0
2025-05-27T23:08:04.628692,29.8,47.4,1005.8,0.0,667,32,77,11,13,29.7,55.1,0.3,243,WSW,0.0
